source,programme,programme_code,admit_batch,is_new_admission,is_backlog_row,student_count,slot,slot_day,slot_session,course_code,course_title,course_type,class_time_hint,raw_cell
doc,18BT/18ET B.Tech. (Engineering Technology),18BT/18ET,1/2025,True,False,,1,SAT,FN,ET ZC232,ENGINEERING MATERIALS,ELECTIVE_OR_UNSPECIFIED,,ET ZC232|ENGINEERING MATERIALS
doc,18BT/18ET B.Tech. (Engineering Technology),18BT/18ET,1/2025,True,False,,1,SAT,FN,ENGG ZC232,ENGINEERING MATERIALS,CORE,,ENGGZC232|ENGINEERING MATERIALS (CORE)
doc,18BT/18ET B.Tech. (Engineering Technology),18BT/18ET,1/2025,True,False,,2,SAT,AN,ET ZC233,CALCULUS,ELECTIVE_OR_UNSPECIFIED,,ET ZC233|CALCULUS
doc,18BT/18ET B.Tech. (Engineering Technology),18BT/18ET,1/2025,True,False,,2,SAT,AN,MATH ZC233,CALCULUS,CORE,,MATH ZC233 : CALCULUS (CORE)
doc,18BT/18ET B.Tech. (Engineering Technology),18BT/18ET,1/2025,True,False,,3,SUN,FN,ET ZC164,COMPUTER PROGRAMMING,ELECTIVE_OR_UNSPECIFIED,,ET ZC164|COMPUTER PROGRAMMING
doc,18BT/18ET B.Tech. (Engineering Technology),18BT/18ET,1/2025,True,False,,3,SUN,FN,TA ZC164,COMPUTER PROGRAMMING,CORE,,TA ZC164|COMPUTER PROGRAMMING (CORE)
doc,18BT/18ET B.Tech. (Engineering Technology),18BT/18ET,1/2025,True,False,,4,SUN,AN,ET ZC112,Electrical & Electronics Tech,ELECTIVE_OR_UNSPECIFIED,,ET ZC112|Electrical & Electronics Tech
doc,18BT/18ET B.Tech. (Engineering Technology),18BT/18ET,1/2025,True,False,,4,SUN,AN,ENGG ZC112,Electrical & Electronics Tech,CORE,,ENGG ZC112|Electrical & Electronics Tech (CORE)
doc,18BT/18ET B.Tech. (Engineering Technology),18BT/18ET,2/2024,False,False,502,1,SAT,FN,ET ZC241,MECHANICAL TECHNOLOGY,ELECTIVE_OR_UNSPECIFIED,,ET ZC241|MECHANICAL TECHNOLOGY
doc,18BT/18ET B.Tech. (Engineering Technology),18BT/18ET,2/2024,False,False,502,1,SAT,FN,ENGG ZC243,MECHANICAL TECHNOLOGY,CORE,,ENGGZC243|MECHANICAL TECHNOLOGY (CORE)
doc,18BT/18ET B.Tech. (Engineering Technology),18BT/18ET,2/2024,False,False,502,2,SAT,AN,ET ZC234,LINEAR ALGEBRA & OPTIMIZATION,ELECTIVE_OR_UNSPECIFIED,,ET ZC234|LINEAR ALGEBRA & OPTIMIZATION
doc,18BT/18ET B.Tech. (Engineering Technology),18BT/18ET,2/2024,False,False,502,2,SAT,AN,MATH ZC234,LINEAR ALGEBRA & OPTIMIZATION,CORE,,MATH ZC234|LINEAR ALGEBRA & OPTIMIZATION (CORE)
doc,18BT/18ET B.Tech. (Engineering Technology),18BT/18ET,2/2024,False,False,502,3,SUN,FN,ET ZC236,ENGINEERING MEASUREMENTS,ELECTIVE_OR_UNSPECIFIED,,ETZC236|ENGINEERING MEASUREMENTS
doc,18BT/18ET B.Tech. (Engineering Technology),18BT/18ET,2/2024,False,False,502,3,SUN,FN,TA ZC233,ENGINEERING MEASUREMENTS,CORE,,TAZC233|ENGINEERING MEASUREMENTS (CORE)
doc,18BT/18ET B.Tech. (Engineering Technology),18BT/18ET,2/2024,False,False,502,4,SUN,AN,ET ZC111,PROBABILITY AND STATISTICS,ELECTIVE_OR_UNSPECIFIED,,ET ZC111| PROBABILITY AND STATISTICS
doc,18BT/18ET B.Tech. (Engineering Technology),18BT/18ET,2/2024,False,False,502,4,SUN,AN,AAOC ZC111,PROBABILITY AND STATISTICS,CORE,,AAOC ZC111| PROBABILITY AND STATISTICS (CORE)
doc,18BT/18ET B.Tech. (Engineering Technology),18BT/18ET,1/2024,False,False,441,1,SAT,FN,ET ZC413,ENGINEERING DESIGN,CORE,,ET ZC413|ENGINEERING DESIGN (CORE)
doc,18BT/18ET B.Tech. (Engineering Technology),18BT/18ET,1/2024,False,False,441,2,SAT,AN,ET ZC235,MANUFACTURING PROCESSES,CORE,,ETZC235|MANUFACTURING PROCESSES (CORE)
doc,18BT/18ET B.Tech. (Engineering Technology),18BT/18ET,1/2024,False,False,441,3,SUN,FN,ET ZC416,PRODUCTION PLANNING & CONTROL,CORE,,ETZC416|PRODUCTION PLANNING & CONTROL (CORE)
doc,18BT/18ET B.Tech. (Engineering Technology),18BT/18ET,1/2024,False,False,441,4,SUN,AN,ENGG ZC242,MAINTENANCE & SAFETY,CORE,SUN 1:30,ENGGZC242|MAINTENANCE & SAFETY Sunday 1.30 (CORE)
doc,18BT/18ET B.Tech. (Engineering Technology),18BT/18ET,2/2023,False,False,797,2,SAT,AN,ET ZC344,INSTRUMENTATION & CONTROL,CORE,,ET ZC344| INSTRUMENTATION & CONTROL (CORE)
doc,18BT/18ET B.Tech. (Engineering Technology),18BT/18ET,2/2023,False,False,797,3,SUN,FN,ET ZC343,MATERIALS MANAGEMENT ,CORE,,ETZC343|MATERIALS MANAGEMENT (CORE)
doc,18BT/18ET B.Tech. (Engineering Technology),18BT/18ET,2/2023,False,False,797,4,SUN,AN,ET ZC423,ESSENTIALS OF PROJECT MANAGEMENT,CORE,,ETZC423|ESSENTIALS OF PROJECT MANAGEMENT (CORE)
doc,18BT/18ET B.Tech. (Engineering Technology),18BT/18ET,2/2023,False,False,797,7,SAT,EV,ET ZC449,IoT IN MANUFACTURING,CORE,,ET ZC449|IoT IN MANUFACTURING (CORE)
doc,18BT/18ET B.Tech. (Engineering Technology),18BT/18ET,1/2023,False,False,603,1,SAT,FN,ET ZC434,QUAL CONTR ASSU & RELIABILITY,CORE,,ET ZC434| QUAL CONTR ASSU & RELIABILITY (CORE)
doc,18BT/18ET B.Tech. (Engineering Technology),18BT/18ET,1/2023,False,False,603,2,SAT,AN,ET ZC353,ENERGY MANAGEMENT,ELECTIVE_OR_UNSPECIFIED,,ET ZC353|ENERGY MANAGEMENT
doc,18BT/18ET B.Tech. (Engineering Technology),18BT/18ET,1/2023,False,False,603,2,SAT,AN,ET ZC443,CONNECTED CARS,ELECTIVE_OR_UNSPECIFIED,SAT 8:20,ET ZC443 | CONNECTED CARS Sat 8.20
doc,18BT/18ET B.Tech. (Engineering Technology),18BT/18ET,1/2023,False,False,603,3,SUN,FN,ET ZC419,Electric & Hybrid Vehicles,ELECTIVE_OR_UNSPECIFIED,,ET ZC419 | Electric & Hybrid Vehicles
doc,18BT/18ET B.Tech. (Engineering Technology),18BT/18ET,1/2023,False,False,603,3,SUN,FN,BITS ZC471,MANAGEMENT INFORMATION SYSTEM,ELECTIVE_OR_UNSPECIFIED,,BITSZC471|MANAGEMENT INFORMATION SYSTEM
doc,18BT/18ET B.Tech. (Engineering Technology),18BT/18ET,1/2023,False,False,603,3,SUN,FN,ET ZC323,MECHATRONICS & AUTOMATION,ELECTIVE_OR_UNSPECIFIED,,ETZC323|MECHATRONICS & AUTOMATION
doc,18BT/18ET B.Tech. (Engineering Technology),18BT/18ET,1/2023,False,False,603,4,SUN,AN,ET ZC448,ADDITIVE MANUFACTURING,ELECTIVE_OR_UNSPECIFIED,,ETZC448|ADDITIVE MANUFACTURING
doc,18BT/18ET B.Tech. (Engineering Technology),18BT/18ET,1/2023,False,False,603,4,SUN,AN,ES ZC343,MICROPROCESSORS & MICROCONTS,ELECTIVE_OR_UNSPECIFIED,,ESZC343 MICROPROCESSORS & MICROCONTS
doc,18BT/18ET B.Tech. (Engineering Technology),18BT/18ET,1/2023,False,False,603,4,SUN,AN,ET ZC417,MANUFACTURING EXCELLENCE,ELECTIVE_OR_UNSPECIFIED,,ETZC417|MANUFACTURING EXCELLENCE
doc,18BT/18ET B.Tech. (Engineering Technology),18BT/18ET,1/2023,False,False,603,7,SAT,EV,EA ZC412,FLEXIBLE MANUFACTURING SYSTEM,ELECTIVE_OR_UNSPECIFIED,,EAZC412|FLEXIBLE MANUFACTURING SYSTEM
doc,18BT/18ET B.Tech. (Engineering Technology),18BT/18ET,1/2023,False,False,603,7,SAT,EV,ET ZC424,PLANT LAYOUT AND DESIGN,ELECTIVE_OR_UNSPECIFIED,,ET ZC424|PLANT LAYOUT AND DESIGN
doc,18BT/18ET B.Tech. (Engineering Technology),18BT/18ET,1/2023,False,False,603,7,SAT,EV,ET ZC449,IoT IN MANUFACTURING,ELECTIVE_OR_UNSPECIFIED,,ET ZC449|IoT IN MANUFACTURING
doc,18BT/18ET B.Tech. (Engineering Technology),18BT/18ET,1/2023,False,False,603,8,SUN,EV,ET ZC362,ENVIRONMENTAL POLLUTION CONTROL,ELECTIVE_OR_UNSPECIFIED,,ETZC362|ENVIRONMENTAL POLLUTION CONTROL
doc,18BT/18ET B.Tech. (Engineering Technology),18BT/18ET,1/2023,False,False,603,8,SUN,EV,ET ZC442,ADVANCED DRIVER ASSISTANCE SYSTEMS,ELECTIVE_OR_UNSPECIFIED,,ET ZC442 ADVANCED DRIVER ASSISTANCE SYSTEMS
doc,18BT/18ET B.Tech. (Engineering Technology),18BT/18ET,2/2022,False,False,662,1,SAT,FN,TA ZC312,TECHNICAL REPORT WRITING,ELECTIVE_OR_UNSPECIFIED,,TAZC312|TECHNICAL REPORT WRITING
doc,18BT/18ET B.Tech. (Engineering Technology),18BT/18ET,2/2022,False,False,662,2,SAT,AN,MGTS ZC211,PRINCIPLES OF MANAGEMENT,ELECTIVE_OR_UNSPECIFIED,,MGTS ZC211 PRINCIPLES OF MANAGEMENT
doc,18BT/18ET B.Tech. (Engineering Technology),18BT/18ET,2/2022,False,False,662,3,SUN,FN,ET ZC419,Electric & Hybrid Vehicles,ELECTIVE_OR_UNSPECIFIED,,ET ZC419 | Electric & Hybrid Vehicles
doc,18BT/18ET B.Tech. (Engineering Technology),18BT/18ET,2/2022,False,False,662,3,SUN,FN,BITS ZC471,MANAGEMENT INFORMATION SYSTEM,ELECTIVE_OR_UNSPECIFIED,,BITSZC471|MANAGEMENT INFORMATION SYSTEM
doc,18BT/18ET B.Tech. (Engineering Technology),18BT/18ET,2/2022,False,False,662,3,SUN,FN,ET ZC323,MECHATRONICS & AUTOMATION,ELECTIVE_OR_UNSPECIFIED,,ETZC323|MECHATRONICS & AUTOMATION
doc,18BT/18ET B.Tech. (Engineering Technology),18BT/18ET,2/2022,False,False,662,4,SUN,AN,ET ZC448,ADDITIVE MANUFACTURING,ELECTIVE_OR_UNSPECIFIED,,ETZC448|ADDITIVE MANUFACTURING
doc,18BT/18ET B.Tech. (Engineering Technology),18BT/18ET,2/2022,False,False,662,4,SUN,AN,ES ZC343,MICROPROCESSORS & MICROCS,ELECTIVE_OR_UNSPECIFIED,,ESZC343 | MICROPROCESSORS & MICROCS
doc,18BT/18ET B.Tech. (Engineering Technology),18BT/18ET,2/2022,False,False,662,4,SUN,AN,ET ZC417,MANUFACTURING EXCELLENCE,ELECTIVE_OR_UNSPECIFIED,,ETZC417|MANUFACTURING EXCELLENCE
doc,18BT/18ET B.Tech. (Engineering Technology),18BT/18ET,2/2022,False,False,662,7,SAT,EV,EA ZC412,FLEXIBLE MANUFACTURING SYSTEM,ELECTIVE_OR_UNSPECIFIED,,EAZC412|FLEXIBLE MANUFACTURING SYSTEM
doc,18BT/18ET B.Tech. (Engineering Technology),18BT/18ET,2/2022,False,False,662,7,SAT,EV,ET ZC424,PLANT LAYOUT AND DESIGN,ELECTIVE_OR_UNSPECIFIED,,ET ZC424|PLANT LAYOUT AND DESIGN
doc,18BT/18ET B.Tech. (Engineering Technology),18BT/18ET,2/2022,False,False,662,7,SAT,EV,ET ZC449,IoT IN MANUFACTURING,BACKLOG,,ET ZC449|IoT IN MANUFACTURING (BKLG)
doc,18BT/18ET B.Tech. (Engineering Technology),18BT/18ET,2/2022,False,False,662,8,SUN,EV,ET ZC362,ENVIRONMENTAL POLLUTION CONTROL,ELECTIVE_OR_UNSPECIFIED,,ETZC362|ENVIRONMENTAL POLLUTION CONTROL
doc,18BT/18ET B.Tech. (Engineering Technology),18BT/18ET,2/2022,False,False,662,8,SUN,EV,ET ZC442,ADVANCED DRIVER ASSISTANCE SYSTEMS,ELECTIVE_OR_UNSPECIFIED,,ET ZC442 ADVANCED DRIVER ASSISTANCE SYSTEMS
doc,18BT/18ET B.Tech. (Engineering Technology),18BT/18ET,1/2022,False,False,525,1,SAT,FN,BITS ZC425T,PROJECTWORK,ELECTIVE_OR_UNSPECIFIED,,BITSZC425T|PROJECTWORK
doc,19BT B.Tech. (Information Systems) (no Batch ),19BT,2/2021,False,False,0,1,SAT,FN,MATH ZC222,DISCR STRUC FOR COMP SCI,ELECTIVE_OR_UNSPECIFIED,,MATH ZC222|DISCR STRUC FOR COMP SCI
doc,19BT B.Tech. (Information Systems) (no Batch ),19BT,2/2021,False,False,0,2,SAT,AN,MATH ZC233,CALCULUS,ELECTIVE_OR_UNSPECIFIED,,MATH ZC233|CALCULUS
doc,19BT B.Tech. (Information Systems) (no Batch ),19BT,2/2021,False,False,0,3,SUN,FN,TA ZC163,COMPUTER PROGRAMMING,ELECTIVE_OR_UNSPECIFIED,,TA ZC163|COMPUTER PROGRAMMING
doc,19BT B.Tech. (Information Systems) (no Batch ),19BT,2/2021,False,False,0,4,SUN,AN,ES ZC263,DIGITAL ELECTRONICS & MICROPROCESSOR,ELECTIVE_OR_UNSPECIFIED,,ES ZC263|DIGITAL ELECTRONICS & MICROPROCESSOR
doc,19BT B.Tech. (Information Systems) (no Batch ),19BT,1/2021,False,False,0,1,SAT,FN,IS ZC313,OBJECT ORIENTED PROG & DESIGN,ELECTIVE_OR_UNSPECIFIED,,IS ZC313|OBJECT ORIENTED PROG & DESIGN
doc,19BT B.Tech. (Information Systems) (no Batch ),19BT,1/2021,False,False,0,2,SAT,AN,IS ZC327,SYSTEMS PROGRAMMING,ELECTIVE_OR_UNSPECIFIED,,IS ZC327|SYSTEMS PROGRAMMING
doc,19BT B.Tech. (Information Systems) (no Batch ),19BT,1/2021,False,False,0,3,SUN,FN,IS ZC353,COMPUTER ORG & ARCHITECTURE,ELECTIVE_OR_UNSPECIFIED,,IS ZC353|COMPUTER ORG & ARCHITECTURE
doc,19BT B.Tech. (Information Systems) (no Batch ),19BT,1/2021,False,False,0,4,SUN,AN,IS ZC363,DATA STRUCTURES & ALGORITHMS,ELECTIVE_OR_UNSPECIFIED,,IS ZC363|DATA STRUCTURES & ALGORITHMS
doc,19BT B.Tech. (Information Systems) (no Batch ),19BT,2/2020,False,False,0,1,SAT,FN,IS ZC364,OPERATING SYSTEMS,ELECTIVE_OR_UNSPECIFIED,,IS ZC364|OPERATING SYSTEMS 2. 502222|
doc,19BT B.Tech. (Information Systems) (no Batch ),19BT,2/2020,False,False,0,1,SAT,FN,IS ZC424,SOFTWARE FOR EMBEDDED SYSTEMS,ELECTIVE_OR_UNSPECIFIED,,IS ZC424|SOFTWARE FOR EMBEDDED SYSTEMS
doc,19BT B.Tech. (Information Systems) (no Batch ),19BT,2/2020,False,False,0,2,SAT,AN,IS ZC337,DATABASE SYSTEMS & APPLICATION,ELECTIVE_OR_UNSPECIFIED,,IS ZC337|DATABASE SYSTEMS & APPLICATION
doc,19BT B.Tech. (Information Systems) (no Batch ),19BT,2/2020,False,False,0,3,SUN,FN,BITS ZC471,MANAGEMENT INFORMATION SYSTEM,ELECTIVE_OR_UNSPECIFIED,,BITS ZC471|MANAGEMENT INFORMATION SYSTEM
doc,19BT B.Tech. (Information Systems) (no Batch ),19BT,2/2020,False,False,0,4,SUN,AN,AAOC ZC111,PROBABILITY AND STATISTICS,ELECTIVE_OR_UNSPECIFIED,,AAOC ZC111|PROBABILITY AND STATISTICS 2. 501627|
doc,19BT B.Tech. (Information Systems) (no Batch ),19BT,2/2020,False,False,0,4,SUN,AN,IS ZC462,NETWORK PROGRAMMING,ELECTIVE_OR_UNSPECIFIED,,IS ZC462|NETWORK PROGRAMMING
doc,19BT B.Tech. (Information Systems) (no Batch ),19BT,2/2020,False,False,0,6,FRI,AN,IS ZC446,DATA STORAGE TECH & NETWORKS,ELECTIVE_OR_UNSPECIFIED,,IS ZC446|DATA STORAGE TECH & NETWORKS
doc,19BT B.Tech. (Information Systems) (no Batch ),19BT,1/2020,False,False,0,3,SUN,FN,IS ZC328,SOFTWARE TESTING,ELECTIVE_OR_UNSPECIFIED,,IS ZC328|SOFTWARE TESTING
doc,19BT B.Tech. (Information Systems) (no Batch ),19BT,2/2019,False,False,0,1,SAT,FN,IS ZC424,SOFTWARE FOR EMBEDDED SYSTEMS,ELECTIVE_OR_UNSPECIFIED,,IS ZC424|SOFTWARE FOR EMBEDDED SYSTEMS
doc,19BT B.Tech. (Information Systems) (no Batch ),19BT,2/2019,False,False,0,3,SUN,FN,BITS ZC471,MANAGEMENT INFORMATION SYSTEM),ELECTIVE_OR_UNSPECIFIED,,BITS ZC471|MANAGEMENT INFORMATION SYSTEM)
doc,19BT B.Tech. (Information Systems) (no Batch ),19BT,2/2019,False,False,0,4,SUN,AN,IS ZC462,NETWORK -PROGRAMMING,ELECTIVE_OR_UNSPECIFIED,,IS ZC462|NETWORK -PROGRAMMING
doc,19BT B.Tech. (Information Systems) (no Batch ),19BT,2/2019,False,False,0,5,FRI,FN,IS ZC415,DATA MINING,ELECTIVE_OR_UNSPECIFIED,,IS ZC415| DATA MINING
doc,19BT B.Tech. (Information Systems) (no Batch ),19BT,2/2019,False,False,0,6,FRI,AN,IS ZC446,DATA STORAGE TECH & NETWORKS,ELECTIVE_OR_UNSPECIFIED,,IS ZC446|DATA STORAGE TECH & NETWORKS
doc,19BT B.Tech. (Information Systems) (no Batch ),19BT,1/2019,False,False,0,1,SAT,FN,MGTS ZC211,PRINCIPLES OF MANAGEMENT,ELECTIVE_OR_UNSPECIFIED,,MGTS ZC211|PRINCIPLES OF MANAGEMENT 2.502222|
doc,19BT B.Tech. (Information Systems) (no Batch ),19BT,1/2019,False,False,0,1,SAT,FN,IS ZC424,SOFTWARE FOR EMBEDDED SYSTEMS,ELECTIVE_OR_UNSPECIFIED,,IS ZC424|SOFTWARE FOR EMBEDDED SYSTEMS
doc,19BT B.Tech. (Information Systems) (no Batch ),19BT,1/2019,False,False,0,2,SAT,AN,TA ZC312,TECHNICAL REPORT WRITING,ELECTIVE_OR_UNSPECIFIED,,TA ZC312|TECHNICAL REPORT WRITING
doc,19BT B.Tech. (Information Systems) (no Batch ),19BT,1/2019,False,False,0,3,SUN,FN,BITS ZC471,MANAGEMENT INFORMATION SYSTEM,ELECTIVE_OR_UNSPECIFIED,,BITS ZC471|MANAGEMENT INFORMATION SYSTEM
doc,19BT B.Tech. (Information Systems) (no Batch ),19BT,1/2019,False,False,0,4,SUN,AN,IS ZC462,NETWORK PROGRAMMING,ELECTIVE_OR_UNSPECIFIED,,IS ZC462|NETWORK PROGRAMMING
doc,19BT B.Tech. (Information Systems) (no Batch ),19BT,1/2019,False,False,0,5,FRI,FN,IS ZC415,DATA MINING,ELECTIVE_OR_UNSPECIFIED,,IS ZC415| DATA MINING
doc,19BT B.Tech. (Information Systems) (no Batch ),19BT,1/2019,False,False,0,6,FRI,AN,IS ZC446,DATA STORAGE TECH & NETWORKS,ELECTIVE_OR_UNSPECIFIED,,IS ZC446|DATA STORAGE TECH & NETWORKS
doc,19BT B.Tech. (Information Systems) (no Batch ),19BT,2/2018,False,False,0,1,SAT,FN,BITS ZC425T,PROJECT WORK,ELECTIVE_OR_UNSPECIFIED,,BITS ZC425T|PROJECT WORK
doc,23NT B.Tech. (Process Engineering),23NT,1/2025,True,False,,1,SAT,FN,PE ZC234,ENGINEERING MATERIALS,CORE,,PEZC234|ENGINEERING MATERIALS (CORE)
doc,23NT B.Tech. (Process Engineering),23NT,1/2025,True,False,,2,SAT,AN,PE ZC233,CALCULUS,CORE,,PEZC233|CALCULUS (CORE)
doc,23NT B.Tech. (Process Engineering),23NT,1/2025,True,False,,3,SUN,FN,PE ZC164,COMPUTER PROGRAMMING,CORE,,PE ZC164|COMPUTER PROGRAMMING (CORE)
doc,23NT B.Tech. (Process Engineering),23NT,1/2025,True,False,,4,SUN,AN,PE ZC112,Electrical & Electronics Tech,CORE,,PE ZC112| Electrical & Electronics Tech (CORE)
doc,23NT B.Tech. (Process Engineering),23NT,2/2024,False,False,94,1,SAT,FN,PE ZC321,CHEMICAL PROCESS CALC,CORE,,PEZC321|CHEMICAL PROCESS CALC (CORE)
doc,23NT B.Tech. (Process Engineering),23NT,2/2024,False,False,94,2,SAT,AN,PE ZC235,LINEAR ALGEBRA & OPTIMIZATION,CORE,,PE ZC235|LINEAR ALGEBRA & OPTIMIZATION (CORE)
doc,23NT B.Tech. (Process Engineering),23NT,2/2024,False,False,94,3,SUN,FN,PE ZC213,ENGINEERING MEASUREMENTS,CORE,,PEZC213|ENGINEERING MEASUREMENTS (CORE)
doc,23NT B.Tech. (Process Engineering),23NT,2/2024,False,False,94,4,SUN,AN,PE ZC319,UNIT OPERATION – I,CORE,,PE ZC319|UNIT OPERATION – I (CORE)
doc,23NT B.Tech. (Process Engineering),23NT,1/2024,False,False,58,1,SAT,FN,PE ZC313,CHEMICAL ENGINEERING THERMODYN,CORE,,PEZC313|CHEMICAL ENGINEERING THERMODYN (CORE)
doc,23NT B.Tech. (Process Engineering),23NT,1/2024,False,False,58,2,SAT,AN,PE ZC318,FUNDAMENTALS OF TRANSPORT PROC,CORE,,PEZC318|FUNDAMENTALS OF TRANSPORT PROC (CORE)
doc,23NT B.Tech. (Process Engineering),23NT,1/2024,False,False,58,3,SUN,FN,PE ZC323,PROCESS DESIGN PRINCIPLES,CORE,,PE ZC323|PROCESS DESIGN PRINCIPLES (CORE)
doc,23NT B.Tech. (Process Engineering),23NT,1/2024,False,False,58,4,SUN,AN,PE ZC412,PROCESS EQUIPMENT DESIGN,CORE,,PE ZC412|PROCESS EQUIPMENT DESIGN (CORE)
doc,23NT B.Tech. (Process Engineering),23NT,2/2023,False,False,65,1,SAT,FN,PE ZC434,QUAL CONTR ASSU & RELIABILITY,ELECTIVE_OR_UNSPECIFIED,,PE ZC434|QUAL CONTR ASSU & RELIABILITY
doc,23NT B.Tech. (Process Engineering),23NT,2/2023,False,False,65,2,SAT,AN,PE ZC236,MANUFACTURING PROCESSES,ELECTIVE_OR_UNSPECIFIED,,PEZC236|MANUFACTURING PROCESSES
doc,23NT B.Tech. (Process Engineering),23NT,2/2023,False,False,65,3,SUN,FN,PE ZC452,PROCESS PLANT SAFETY & ENVIRON,CORE,,PE ZC452|PROCESS PLANT SAFETY & ENVIRON (CORE)
doc,23NT B.Tech. (Process Engineering),23NT,2/2023,False,False,65,4,SUN,AN,PE ZC453,PROCESS CONTROL & INSTRUMENTA,CORE,,PE ZC453|PROCESS CONTROL & INSTRUMENTA (CORE)
doc,23NT B.Tech. (Process Engineering),23NT,1/2023,False,False,82,2,SAT,AN,PE ZC352,ENERGY MANAGEMENT,CORE,,PE ZC352|ENERGY MANAGEMENT (CORE)
doc,23NT B.Tech. (Process Engineering),23NT,1/2023,False,False,82,3,SUN,FN,PE ZC413,PRODUCTION PLANNING & CONTROL,ELECTIVE_OR_UNSPECIFIED,,PEZC413|PRODUCTION PLANNING & CONTROL
doc,23NT B.Tech. (Process Engineering),23NT,1/2023,False,False,82,4,SUN,AN,PE ZC423,ESSENTIALS OF PROJECT MANAGEMENT,ELECTIVE_OR_UNSPECIFIED,,PEZC423|ESSENTIALS OF PROJECT MANAGEMENT
doc,23NT B.Tech. (Process Engineering),23NT,1/2023,False,False,82,7,SAT,EV,PE ZC449,IoT IN MANUFACTURING,ELECTIVE_OR_UNSPECIFIED,,PE ZC449|IoT IN MANUFACTURING
doc,23NT B.Tech. (Process Engineering),23NT,1/2023,False,False,82,8,SUN,EV,PE ZC411,ENVIRONMENTAL POLLUTION CONTROL,ELECTIVE_OR_UNSPECIFIED,,PEZC411|ENVIRONMENTAL POLLUTION CONTROL
doc,23NT B.Tech. (Process Engineering),23NT,2/2022,False,False,59,1,SAT,FN,PE ZC312,TECHNICAL REPORT WRITING,CORE,,PEZC312|TECHNICAL REPORT WRITING (CORE)
doc,23NT B.Tech. (Process Engineering),23NT,2/2022,False,False,59,2,SAT,AN,PE ZC221,PRINCIPLES OF MANAGEMENT,CORE,,PEZC221|PRINCIPLES OF MANAGEMENT (CORE)
doc,23NT B.Tech. (Process Engineering),23NT,2/2022,False,False,59,3,SUN,FN,PE ZC343,MATERIALS MANAGEMENT,ELECTIVE_OR_UNSPECIFIED,,PE ZC343|MATERIALS MANAGEMENT
doc,23NT B.Tech. (Process Engineering),23NT,2/2022,False,False,59,4,SUN,AN,PE ZC320,UNIT OPERATIONS II,ELECTIVE_OR_UNSPECIFIED,,PE ZC320|UNIT OPERATIONS II
doc,23NT B.Tech. (Process Engineering),23NT,1/2022,False,False,22,1,SAT,FN,PE ZC425T,PROJECT WORK,ELECTIVE_OR_UNSPECIFIED,,PE ZC425T|PROJECT WORK
doc,29EE B. Tech. (Electronics Engineering),29EE,1/2025,True,False,,1,SAT,FN,BTEE ZC214,OBJECT ORIENTED PROGRAMMING,CORE,,BTEE ZC214|OBJECT ORIENTED PROGRAMMING (1/1) (CORE)
doc,29EE B. Tech. (Electronics Engineering),29EE,1/2025,True,False,,2,SAT,AN,BTEE ZC212,ENGINEERING MATHEMATICS,CORE,,BTEE ZC212|ENGINEERING MATHEMATICS (1/1) (CORE)
doc,29EE B. Tech. (Electronics Engineering),29EE,1/2025,True,False,,3,SUN,FN,BTEE ZC213,ENGINEERING PHYSICS,CORE,,BTEE ZC213|ENGINEERING PHYSICS (1/1) (CORE)
doc,29EE B. Tech. (Electronics Engineering),29EE,1/2025,True,False,,4,SUN,AN,BTEE ZC211,ELEMENTS OF ELECTRICAL AND ELECTRONIC CIRCUITS,CORE,,BTEE ZC211|ELEMENTS OF ELECTRICAL AND ELECTRONIC CIRCUITS (1/1) (CORE)
doc,29EE B. Tech. (Electronics Engineering),29EE,2/2024,False,False,146,1,SAT,FN,BTEE ZC216,PROB. THEORY & RANDOM PROCESS,CORE,,BTEEZC216 : PROB. THEORY & RANDOM PROCESS (CORE)
doc,29EE B. Tech. (Electronics Engineering),29EE,2/2024,False,False,146,2,SAT,AN,BTEE ZC215,PRINCIPLES OF MANAGEMENT,CORE,,BTEEZC215 : PRINCIPLES OF MANAGEMENT (CORE)
doc,29EE B. Tech. (Electronics Engineering),29EE,2/2024,False,False,146,3,SUN,FN,BTEE ZC218,SIGNALS & SYSTEMS,CORE,,BTEEZC218 : SIGNALS & SYSTEMS (CORE)
doc,29EE B. Tech. (Electronics Engineering),29EE,2/2024,False,False,146,4,SUN,AN,BTEE ZC217,DIGITAL ELECT & MICROPROCESSOR,CORE,,BTEEZC217 : DIGITAL ELECT & MICROPROCESSOR (CORE)
doc,29EE B. Tech. (Electronics Engineering),29EE,1/2024,False,False,141,1,SAT,FN,BTEE ZC311,ANALOG ELECT,CORE,,BTEE ZC311: ANALOG ELECT (CORE)
doc,29EE B. Tech. (Electronics Engineering),29EE,1/2024,False,False,141,2,SAT,AN,BTEE ZC314,ELECTROMAGENTIC THEORY,CORE,,BTEEZC314 : ELECTROMAGENTIC THEORY (CORE)
doc,29EE B. Tech. (Electronics Engineering),29EE,1/2024,False,False,141,3,SUN,FN,BTEE ZC313,DIGITAL CONTROL SYSTEMS,CORE,,BTEEZC313 : DIGITAL CONTROL SYSTEMS (CORE)
doc,29EE B. Tech. (Electronics Engineering),29EE,1/2024,False,False,141,4,SUN,AN,BTEE ZC312,COMMUNICATION SYSTEMS,CORE,,BTEEZC312 : COMMUNICATION SYSTEMS (CORE)
doc,29EE B. Tech. (Electronics Engineering),29EE,2/2023,False,False,,1,SAT,FN,BTEE ZC316,MICROWARE AND Antena Theory,CORE,,BTEE ZC316: MICROWARE AND Antena Theory (CORE)
doc,29EE B. Tech. (Electronics Engineering),29EE,2/2023,False,False,,2,SAT,AN,BTEE ZC315,Int to Digital Signal Processing,CORE,,BTEE ZC315 : Int to Digital Signal Processing (CORE)
doc,29EE B. Tech. (Electronics Engineering),29EE,2/2023,False,False,,3,SUN,FN,BTEE ZC319,INFO THEORY & CODING,ELECTIVE_OR_UNSPECIFIED,,BTEE ZC319 : INFO THEORY & CODING
doc,29EE B. Tech. (Electronics Engineering),29EE,2/2023,False,False,,3,SUN,FN,BTEE ZC318,COMPUTER ARCHITECTURE,ELECTIVE_OR_UNSPECIFIED,,BTEE ZC318 : COMPUTER ARCHITECTURE
doc,29EE B. Tech. (Electronics Engineering),29EE,2/2023,False,False,,4,SUN,AN,BTEE ZC320,INT TO IOT,ELECTIVE_OR_UNSPECIFIED,,BTEE ZC320: INT TO IOT
doc,29EE B. Tech. (Electronics Engineering),29EE,2/2023,False,False,,4,SUN,AN,BTEE ZC322,TELE SWIT SYS AND NET,ELECTIVE_OR_UNSPECIFIED,,BTEE ZC322: TELE SWIT SYS AND NET
doc,29EE B. Tech. (Electronics Engineering),29EE,2/2023,False,False,,7,SAT,EV,BTEE ZC321,SEMI DEVICE AND TECH,ELECTIVE_OR_UNSPECIFIED,,BTEE ZC321: SEMI DEVICE AND TECH
doc,29EE B. Tech. (Electronics Engineering),29EE,2/2023,False,False,,7,SAT,EV,BTEE ZC414,INT TO EDGE COMPUTING,ELECTIVE_OR_UNSPECIFIED,,BTEE ZC414: INT TO EDGE COMPUTING
doc,35AT B.Tech. (Power Engineering),35AT,1/2025,True,False,,1,SAT,FN,POW ZC231,THERMODYNAMICS,CORE,,POW ZC231|THERMODYNAMICS (CORE)
doc,35AT B.Tech. (Power Engineering),35AT,1/2025,True,False,,2,SAT,AN,POW ZC235,CALCULUS,CORE,,POW ZC235|CALCULUS (CORE)
doc,35AT B.Tech. (Power Engineering),35AT,1/2025,True,False,,3,SUN,FN,POW ZC164,COMPUTER PROGRAMMING,CORE,,POW ZC164|COMPUTER PROGRAMMING (CORE)
doc,35AT B.Tech. (Power Engineering),35AT,1/2025,True,False,,4,SUN,AN,POW ZC113,Electrical & Electronics Tech,CORE,,POW ZC113| Electrical & Electronics Tech (CORE)
doc,35AT B.Tech. (Power Engineering),35AT,2/2024,False,False,13,1,SAT,FN,POW ZC317,TRANSPORT PHENOMENA,CORE,,POWZC317|TRANSPORT PHENOMENA (CORE)
doc,35AT B.Tech. (Power Engineering),35AT,2/2024,False,False,13,2,SAT,AN,POW ZC234,LINEAR ALGEBRA & OPTIMIZATION,CORE,,POW ZC234|LINEAR ALGEBRA & OPTIMIZATION (CORE)
doc,35AT B.Tech. (Power Engineering),35AT,2/2024,False,False,13,3,SUN,FN,POW ZC243,ENGINEERING MEASUREMENTS,CORE,,POW ZC243 |ENGINEERING MEASUREMENTS (CORE)
doc,35AT B.Tech. (Power Engineering),35AT,2/2024,False,False,13,4,SUN,AN,POW ZC343,MICRO & MICROCONTROLLERS,CORE,,POW ZC343|MICRO & MICROCONTROLLERS (CORE)
doc,35AT B.Tech. (Power Engineering),35AT,1/2024,False,False,,1,SAT,FN,POW ZC315,POWER PLANT ENGG,CORE,,POW ZC315: POWER PLANT ENGG (CORE)
doc,35AT B.Tech. (Power Engineering),35AT,1/2024,False,False,,2,SAT,AN,POW ZC344,INSTR & CONTROL,CORE,,POW ZC344: INSTR & CONTROL (CORE)
doc,35AT B.Tech. (Power Engineering),35AT,1/2024,False,False,,3,SUN,FN,POW ZC342,POWER SYSTEM ENGINEERING – I,CORE,,POW ZC342: POWER SYSTEM ENGINEERING – I (CORE)
doc,35AT B.Tech. (Power Engineering),35AT,1/2024,False,False,,4,SUN,AN,POW ZC431,MAINTENANCE & SAFETY,CORE,,POW ZC431 : MAINTENANCE & SAFETY (CORE)
doc,MC19 M.Sc. (Information System),MC19,1/2025,True,False,,1,SAT,FN,MATH ZC222,DISCRETE STRUCTUTRE FOR COMPUTER SCIENCE,CORE,,MATH ZC222|DISCRETE STRUCTUTRE FOR COMPUTER SCIENCE (CORE)
doc,MC19 M.Sc. (Information System),MC19,1/2025,True,False,,2,SAT,AN,MATH ZC234,LINEAR ALGEBRA & OPTIMIZATION,CORE,,MATH ZC234|LINEAR ALGEBRA & OPTIMIZATION (CORE)
doc,MC19 M.Sc. (Information System),MC19,1/2025,True,False,,3,SUN,FN,TA ZC163,COMPUTER PROGRAMMING,CORE,,TA ZC163|COMPUTER PROGRAMMING (CORE)
doc,MC19 M.Sc. (Information System),MC19,1/2025,True,False,,4,SUN,AN,ES ZC263,DIGITAL ELECTRONICS & MICROPROCESSOR,CORE,,ES ZC263|DIGITAL ELECTRONICS & MICROPROCESSOR (CORE)
doc,MC19 M.Sc. (Information System),MC19,2/2024,False,False,17,1,SAT,FN,IS ZC313,OBJECT ORIENTED PROGRAMMING & DESIGN,CORE,,IS ZC313|OBJECT ORIENTED PROGRAMMING & DESIGN (CORE)
doc,MC19 M.Sc. (Information System),MC19,2/2024,False,False,17,2,SAT,AN,IS ZC327,SYSTEMS PROGRAMMING,CORE,,IS ZC327|SYSTEMS PROGRAMMING (CORE)
doc,MC19 M.Sc. (Information System),MC19,2/2024,False,False,17,3,SUN,FN,IS ZC353,COMPUTER ORG & ARCHITECTURE,CORE,,IS ZC353|COMPUTER ORG & ARCHITECTURE (CORE)
doc,MC19 M.Sc. (Information System),MC19,2/2024,False,False,17,4,SUN,AN,IS ZC363,DATA STRUCTURES & ALGORITHMS,CORE,,IS ZC363|DATA STRUCTURES & ALGORITHMS (CORE)
doc,MC19 M.Sc. (Information System),MC19,1/2024,False,False,15,1,SAT,FN,IS ZC364,OPERATING SYSTEMS,CORE,,IS ZC364|OPERATING SYSTEMS (CORE)
doc,MC19 M.Sc. (Information System),MC19,1/2024,False,False,15,2,SAT,AN,IS ZC337,DATABASE SYSTEMS & APPLICATION,CORE,,IS ZC337|DATABASE SYSTEMS & APPLICATION (CORE)
doc,MC19 M.Sc. (Information System),MC19,1/2024,False,False,15,3,SUN,FN,BITS ZC471,MANAGEMENT INFORMATION SYSTEM,ELECTIVE_OR_UNSPECIFIED,,BITS ZC471|MANAGEMENT INFORMATION SYSTEM
doc,MC19 M.Sc. (Information System),MC19,1/2024,False,False,15,4,SUN,AN,AAOC ZC111,PROBABILITY AND STATISTICS,CORE,,AAOC ZC111|PROBABILITY AND STATISTICS (CORE)
doc,MC19 M.Sc. (Information System),MC19,1/2024,False,False,15,7,SAT,EV,IS ZC415,DATA MINING,ELECTIVE_OR_UNSPECIFIED,,IS ZC415|DATA MINING
doc,MC19 M.Sc. (Information System),MC19,1/2024,False,False,15,7,SAT,EV,IS ZC424,SOFTWARE FOR EMBEDDED SYSTEMS,ELECTIVE_OR_UNSPECIFIED,,IS ZC424 |SOFTWARE FOR EMBEDDED SYSTEMS
doc,MC19 M.Sc. (Information System),MC19,1/2024,False,False,15,8,SUN,EV,IS ZC444,ARTIFICIAL INTELLIGENCE,ELECTIVE_OR_UNSPECIFIED,,IS ZC444|ARTIFICIAL INTELLIGENCE
doc,MC19 M.Sc. (Information System),MC19,1/2024,False,False,15,8,SUN,EV,IS ZC447,DATA STORAGE TECH & NETWORKS,ELECTIVE_OR_UNSPECIFIED,,IS ZC447|DATA STORAGE TECH & NETWORKS
doc,MC19 M.Sc. (Information System),MC19,2/2023,False,False,31,1,SAT,FN,IS ZC373,COMPILER DESIGN,CORE,,IS ZC373|COMPILER DESIGN (CORE)
doc,MC19 M.Sc. (Information System),MC19,2/2023,False,False,31,2,SAT,AN,IS ZC343,SOFTWARE ENGINEERING,CORE,,IS ZC343|SOFTWARE ENGINEERING (CORE)
doc,MC19 M.Sc. (Information System),MC19,2/2023,False,False,31,3,SUN,FN,BITS ZC471,MANAGEMENT INFORMATION SYSTEM,ELECTIVE_OR_UNSPECIFIED,,BITSZC471|MANAGEMENT INFORMATION SYSTEM
doc,MC19 M.Sc. (Information System),MC19,2/2023,False,False,31,4,SUN,AN,IS ZC467,COMPUTER NETWORKS,CORE,,IS ZC467|COMPUTER NETWORKS (CORE)
doc,MC19 M.Sc. (Information System),MC19,2/2023,False,False,31,7,SAT,EV,IS ZC415,DATA MINING,ELECTIVE_OR_UNSPECIFIED,,IS ZC415|DATA MINING
doc,MC19 M.Sc. (Information System),MC19,2/2023,False,False,31,7,SAT,EV,IS ZC424,SOFTWARE FOR EMBEDDED SYSTEMS,ELECTIVE_OR_UNSPECIFIED,,IS ZC424 |SOFTWARE FOR EMBEDDED SYSTEMS
doc,MC19 M.Sc. (Information System),MC19,2/2023,False,False,31,8,SUN,EV,IS ZC444,ARTIFICIAL INTELLIGENCE,ELECTIVE_OR_UNSPECIFIED,,IS ZC444|ARTIFICIAL INTELLIGENCE
doc,MC19 M.Sc. (Information System),MC19,2/2023,False,False,31,8,SUN,EV,IS ZC447,DATA STORAGE TECH & NETWORKS,ELECTIVE_OR_UNSPECIFIED,,IS ZC447|DATA STORAGE TECH & NETWORKS
doc,MC19 M.Sc. (Information System),MC19,1/2023,False,False,33,2,SAT,AN,BITS ZC426T,PROJECT,ELECTIVE_OR_UNSPECIFIED,,BITS ZC426T|PROJECT
doc,MC19 M.Sc. (Information System),MC19,1/2023,False,False,33,3,SUN,FN,BITS ZC471,MANAGEMENT INFORMATION SYSTEM,ELECTIVE_OR_UNSPECIFIED,,BITSZC471|MANAGEMENT INFORMATION SYSTEM
doc,MC19 M.Sc. (Information System),MC19,1/2023,False,False,33,4,SUN,AN,IS ZC462,NETWORK PROGRAMMING,ELECTIVE_OR_UNSPECIFIED,,IS ZC462|NETWORK PROGRAMMING
doc,MC19 M.Sc. (Information System),MC19,1/2023,False,False,33,7,SAT,EV,IS ZC415,DATA MINING,ELECTIVE_OR_UNSPECIFIED,,IS ZC415|DATA MINING
doc,MC19 M.Sc. (Information System),MC19,1/2023,False,False,33,7,SAT,EV,IS ZC424,SOFTWARE FOR EMBEDDED SYSTEMS,ELECTIVE_OR_UNSPECIFIED,,IS ZC424 |SOFTWARE FOR EMBEDDED SYSTEMS
doc,MC19 M.Sc. (Information System),MC19,1/2023,False,False,33,8,SUN,EV,IS ZC444,ARTIFICIAL INTELLIGENCE,ELECTIVE_OR_UNSPECIFIED,,IS ZC444|ARTIFICIAL INTELLIGENCE
doc,MC19 M.Sc. (Information System),MC19,1/2023,False,False,33,8,SUN,EV,IS ZC447,DATA STORAGE TECH & NETWORKS,ELECTIVE_OR_UNSPECIFIED,,IS ZC447|DATA STORAGE TECH & NETWORKS
doc,MC21 M.Sc. (Business Analytics),MC21,1/2025,True,False,,1,SAT,FN,BA ZC412,MODELS & APP IN OPR RESEARCH,CORE,,BA ZC412|MODELS & APP IN OPR RESEARCH (CORE)
doc,MC21 M.Sc. (Business Analytics),MC21,1/2025,True,False,,2,SAT,AN,BA ZC411,MARKETING,CORE,,BAZC411|MARKETING (CORE)
doc,MC21 M.Sc. (Business Analytics),MC21,1/2025,True,False,,3,SUN,FN,BA ZC471,MANAGEMENT INFORMATION SYSTEM,CORE,,BA ZC471|MANAGEMENT INFORMATION SYSTEM (CORE)
doc,MC21 M.Sc. (Business Analytics),MC21,1/2025,True,False,,4,SUN,AN,BA ZC413,INT TO STATISTICAL METHODS,CORE,,BA ZC413|INT TO STATISTICAL METHODS (CORE)
doc,MC21 M.Sc. (Business Analytics),MC21,2/2024,False,False,20,2,SAT,AN,BA ZG522,BUSINESS DATA MINING,CORE,,BA ZG522|BUSINESS DATA MINING (CORE)
doc,MC21 M.Sc. (Business Analytics),MC21,2/2024,False,False,20,3,SUN,FN,BA ZG523,INTRODUCTION TO DATA SCIENCE,CORE,,BAZG523|INTRODUCTION TO DATA SCIENCE (1/3) (CORE)
doc,MC21 M.Sc. (Business Analytics),MC21,2/2024,False,False,20,4,SUN,AN,BA ZG521,FINANCIAL MANAGEMENT,CORE,,BAZG521|FINANCIAL MANAGEMENT (CORE)
doc,MC21 M.Sc. (Business Analytics),MC21,2/2024,False,False,20,7,SAT,EV,BA ZG524,ADVANCED STATISTICAL METHODS,CORE,,BAZG524|ADVANCED STATISTICAL METHODS (CORE)
doc,MC21 M.Sc. (Business Analytics),MC21,1/2024,False,False,21,1,SAT,FN,BA ZG512,PREDICTIVE ANALYTICS,CORE,,BAZG512|PREDICTIVE ANALYTICS (CORE)
doc,MC21 M.Sc. (Business Analytics),MC21,1/2024,False,False,21,2,SAT,AN,BA ZC414,OPTIMIZATION METHODS FOR ANALYTICS,CORE,,BAZC414|OPTIMIZATION METHODS FOR ANALYTICS (CORE)
doc,MC21 M.Sc. (Business Analytics),MC21,1/2024,False,False,21,3,SUN,FN,BA ZG621,SUPPLY CHAIN MANAGEMENT,CORE,,BA ZG621|SUPPLY CHAIN MANAGEMENT (CORE)
doc,MC21 M.Sc. (Business Analytics),MC21,1/2024,False,False,21,4,SUN,AN,BA ZG525,BIG DATA ANALYTICS,CORE,,BA ZG525|BIG DATA ANALYTICS (CORE)
doc,MC21 M.Sc. (Business Analytics),MC21,2/2023,False,False,15,2,SAT,AN,BA ZC415,ANALYTICS FOR COMPETITIVE ADVANTAGE,CORE,,BAZC415|ANALYTICS FOR COMPETITIVE ADVANTAGE (CORE)
doc,MC21 M.Sc. (Business Analytics),MC21,2/2023,False,False,15,3,SUN,FN,BA ZC423,RETAIL ANALYTICS,ELECTIVE_OR_UNSPECIFIED,,BA ZC423|RETAIL ANALYTICS
doc,MC21 M.Sc. (Business Analytics),MC21,2/2023,False,False,15,3,SUN,FN,BA ZC424,SUPPLY CHAIN ANALYTICS,ELECTIVE_OR_UNSPECIFIED,,BA ZC424|SUPPLY CHAIN ANALYTICS
doc,MC21 M.Sc. (Business Analytics),MC21,2/2023,False,False,15,7,SAT,EV,BA ZC417,FINANCIAL RISK ANALYTICS,ELECTIVE_OR_UNSPECIFIED,,BAZC417|FINANCIAL RISK ANALYTICS
doc,MC21 M.Sc. (Business Analytics),MC21,2/2023,False,False,15,7,SAT,EV,BA ZC422,MARKETING ANALYTICS,ELECTIVE_OR_UNSPECIFIED,,BA ZC422 MARKETING ANALYTICS
doc,MC21 M.Sc. (Business Analytics),MC21,2/2023,False,False,15,7,SAT,EV,BA ZC425,HR ANALYTICS,ELECTIVE_OR_UNSPECIFIED,,BA ZC425|HR ANALYTICS
doc,MC21 M.Sc. (Business Analytics),MC21,2/2023,False,False,15,8,SUN,EV,BA ZC421,MARKETING MODELS,ELECTIVE_OR_UNSPECIFIED,,BAZC421|MARKETING MODELS
doc,MC21 M.Sc. (Business Analytics),MC21,2/2023,False,False,15,8,SUN,EV,BA ZC420,DATA VISUALIZATION,ELECTIVE_OR_UNSPECIFIED,,BA ZC420|DATA VISUALIZATION
doc,MC21 M.Sc. (Business Analytics),MC21,1/2023,False,False,20,2,SAT,AN,BA ZG625T,PROJECT,ELECTIVE_OR_UNSPECIFIED,,BAZG625T|PROJECT
doc,MC21 M.Sc. (Business Analytics),MC21,1/2023,False,False,20,3,SUN,FN,BA ZC423,RETAIL ANALYTICS,ELECTIVE_OR_UNSPECIFIED,,BA ZC423|RETAIL ANALYTICS
doc,MC21 M.Sc. (Business Analytics),MC21,1/2023,False,False,20,3,SUN,FN,BA ZC424,SUPPLY CHAIN ANALYTICS,ELECTIVE_OR_UNSPECIFIED,,BA ZC424|SUPPLY CHAIN ANALYTICS
doc,MC21 M.Sc. (Business Analytics),MC21,1/2023,False,False,20,7,SAT,EV,BA ZC417,FINANCIAL RISK ANALYTICS,ELECTIVE_OR_UNSPECIFIED,,BAZC417|FINANCIAL RISK ANALYTICS
doc,MC21 M.Sc. (Business Analytics),MC21,1/2023,False,False,20,7,SAT,EV,BA ZC422,MARKETING ANALYTICS,ELECTIVE_OR_UNSPECIFIED,,BA ZC422 | MARKETING ANALYTICS
doc,MC21 M.Sc. (Business Analytics),MC21,1/2023,False,False,20,7,SAT,EV,BA ZC425,HR ANALYTICS,ELECTIVE_OR_UNSPECIFIED,,BA ZC425|HR ANALYTICS
doc,MC21 M.Sc. (Business Analytics),MC21,1/2023,False,False,20,8,SUN,EV,BA ZC421,MARKETING MODELS,ELECTIVE_OR_UNSPECIFIED,,BAZC421|MARKETING MODELS
doc,MC21 M.Sc. (Business Analytics),MC21,1/2023,False,False,20,8,SUN,EV,BA ZC420,DATA VISUALIZATION,ELECTIVE_OR_UNSPECIFIED,,BA ZC420|DATA VISUALIZATION
doc,HT01 M.Tech. (Embedded System),HT01,1/2025,True,False,,2,SAT,AN,ES ZG611,PROCESS ARCHITE AND DESIGN,CORE,,ES ZG611 : PROCESS ARCHITE AND DESIGN (CORE)
doc,HT01 M.Tech. (Embedded System),HT01,1/2025,True,False,,3,SUN,FN,ES ZG514,REAL TIME EMBEDDED SYSTEMS,CORE,,ES ZG514|REAL TIME EMBEDDED SYSTEMS (CORE)
doc,HT01 M.Tech. (Embedded System),HT01,1/2025,True,False,,4,SUN,AN,ES ZG512,EMBEDDED SYSTEM DESIGN,CORE,,ESZG512|EMBEDDED SYSTEM DESIGN (CORE)
doc,HT01 M.Tech. (Embedded System),HT01,1/2025,True,False,,7,SAT,EV,ES ZC424,SOFTWARE FOR EMBEDDED SYSTEMS,CORE,,ESZC424|SOFTWARE FOR EMBEDDED SYSTEMS (CORE)
doc,HT01 M.Tech. (Embedded System),HT01,2/2024,False,False,172,1,SAT,FN,ES ZG525,AVIONICS SYSTEMS,ELECTIVE_OR_UNSPECIFIED,SAT 8:20,ESZG525 AVIONICS SYSTEMS Sat 8.20
doc,HT01 M.Tech. (Embedded System),HT01,2/2024,False,False,172,1,SAT,FN,ES ZG532,TESTABILITY FOR VLSI,ELECTIVE_OR_UNSPECIFIED,,ESZG532|TESTABILITY FOR VLSI
doc,HT01 M.Tech. (Embedded System),HT01,2/2024,False,False,172,1,SAT,FN,ES ZG573,DIGITAL SIGNAL PROCESSING,ELECTIVE_OR_UNSPECIFIED,,ES ZG573|DIGITAL SIGNAL PROCESSING
doc,HT01 M.Tech. (Embedded System),HT01,2/2024,False,False,172,1,SAT,FN,ES ZG656,NETWORK EMBEDDED APPLICATIONS,ELECTIVE_OR_UNSPECIFIED,,ES ZG656|NETWORK EMBEDDED APPLICATIONS
doc,HT01 M.Tech. (Embedded System),HT01,2/2024,False,False,172,2,SAT,AN,ES ZG554,RECONFIGURABLE COMPUTING,ELECTIVE_OR_UNSPECIFIED,,ESZG554|RECONFIGURABLE COMPUTING
doc,HT01 M.Tech. (Embedded System),HT01,2/2024,False,False,172,2,SAT,AN,ES ZG513,NETWORK SECURITY,ELECTIVE_OR_UNSPECIFIED,,ES ZG513|NETWORK SECURITY
doc,HT01 M.Tech. (Embedded System),HT01,2/2024,False,False,172,2,SAT,AN,ES ZG526,ADVANCED COMPUTER NETWORKS,ELECTIVE_OR_UNSPECIFIED,,ESZG526|ADVANCED COMPUTER NETWORKS
doc,HT01 M.Tech. (Embedded System),HT01,2/2024,False,False,172,3,SUN,FN,ES ZG520,WIRELESS & MOBILE COMMUNICATION,ELECTIVE_OR_UNSPECIFIED,,ES ZG520| WIRELESS & MOBILE COMMUNICATION
doc,HT01 M.Tech. (Embedded System),HT01,2/2024,False,False,172,3,SUN,FN,ES ZG531,PERVASIVE COMPUTING,ELECTIVE_OR_UNSPECIFIED,,ESZG531|PERVASIVE COMPUTING
doc,HT01 M.Tech. (Embedded System),HT01,2/2024,False,False,172,3,SUN,FN,ES ZG621,VLSI DESIGN,ELECTIVE_OR_UNSPECIFIED,,ES ZG621|VLSI DESIGN
doc,HT01 M.Tech. (Embedded System),HT01,2/2024,False,False,172,3,SUN,FN,ES ZG642,VLSI ARCHITECTURES,ELECTIVE_OR_UNSPECIFIED,,ES ZG642|VLSI ARCHITECTURES
doc,HT01 M.Tech. (Embedded System),HT01,2/2024,False,False,172,4,SUN,AN,ES ZG511,MECHATRONICS,ELECTIVE_OR_UNSPECIFIED,,ESZG511|MECHATRONICS
doc,HT01 M.Tech. (Embedded System),HT01,2/2024,False,False,172,4,SUN,AN,ES ZG523,PROJECT MANAGEMENT,ELECTIVE_OR_UNSPECIFIED,,ES ZG523|PROJECT MANAGEMENT
doc,HT01 M.Tech. (Embedded System),HT01,2/2024,False,False,172,4,SUN,AN,ES ZG524,REAL TIME OPERATING SYSTEMS,ELECTIVE_OR_UNSPECIFIED,,ES ZG524|REAL TIME OPERATING SYSTEMS
doc,HT01 M.Tech. (Embedded System),HT01,2/2024,False,False,172,4,SUN,AN,ES ZC481,COMPUTER NETWORKS,ELECTIVE_OR_UNSPECIFIED,,ESZC481|COMPUTER NETWORKS
doc,HT01 M.Tech. (Embedded System),HT01,2/2024,False,False,172,7,SAT,EV,ES ZG571,OPTICAL COMMUNICATION,NOT_OFFERED,,ES ZG571|OPTICAL COMMUNICATION (not Offered)
doc,HT01 M.Tech. (Embedded System),HT01,2/2024,False,False,172,7,SAT,EV,ES ZG613,ADVANCED  DIGITAL SIGNAL PROCESSING,NOT_OFFERED,,ESZG613|ADVANCED DIGITAL SIGNAL PROCESSING (not Offered)
doc,HT01 M.Tech. (Embedded System),HT01,2/2024,False,False,172,7,SAT,EV,ES ZG561,MECHANISMS AND ROBOTICS,ELECTIVE_OR_UNSPECIFIED,,ESZG561|MECHANISMS AND ROBOTICS
doc,HT01 M.Tech. (Embedded System),HT01,2/2024,False,False,172,8,SUN,EV,ES ZG545,CONTROL & INSTRUMENTATION FOR SYSTEMS,ELECTIVE_OR_UNSPECIFIED,,ES ZG545| CONTROL & INSTRUMENTATION FOR SYSTEMS
doc,HT01 M.Tech. (Embedded System),HT01,2/2024,False,False,172,8,SUN,EV,ES ZG612,FAULT TOLERANT SYS DESIGN,ELECTIVE_OR_UNSPECIFIED,,ES ZG612|FAULT TOLERANT SYS DESIGN
doc,HT01 M.Tech. (Embedded System),HT01,2/2024,False,False,172,8,SUN,EV,ES ZC447,DATA STORAGE TECH & NETWORKS,ELECTIVE_OR_UNSPECIFIED,,ES ZC447|DATA STORAGE TECH & NETWORKS
doc,HT01 M.Tech. (Embedded System),HT01,1/2024,False,False,178,1,SAT,FN,ES ZG525,AVIONICS SYSTEMS,ELECTIVE_OR_UNSPECIFIED,,ESZG525 AVIONICS SYSTEMS
doc,HT01 M.Tech. (Embedded System),HT01,1/2024,False,False,178,1,SAT,FN,ES ZG532,TESTABILITY FOR VLSI,ELECTIVE_OR_UNSPECIFIED,,ESZG532|TESTABILITY FOR VLSI
doc,HT01 M.Tech. (Embedded System),HT01,1/2024,False,False,178,1,SAT,FN,ES ZG573,DIGITAL SIGNAL PROCESSING,ELECTIVE_OR_UNSPECIFIED,,ES ZG573|DIGITAL SIGNAL PROCESSING
doc,HT01 M.Tech. (Embedded System),HT01,1/2024,False,False,178,1,SAT,FN,ES ZG656,NETWORK EMBEDDED APPLICATIONS,ELECTIVE_OR_UNSPECIFIED,,ES ZG656|NETWORK EMBEDDED APPLICATIONS
doc,HT01 M.Tech. (Embedded System),HT01,1/2024,False,False,178,2,SAT,AN,ES ZG554,RECONFIGURABLE COMPUTING,ELECTIVE_OR_UNSPECIFIED,,ESZG554|RECONFIGURABLE COMPUTING
doc,HT01 M.Tech. (Embedded System),HT01,1/2024,False,False,178,2,SAT,AN,ES ZG513,NETWORK SECURITY,ELECTIVE_OR_UNSPECIFIED,,ES ZG513|NETWORK SECURITY
doc,HT01 M.Tech. (Embedded System),HT01,1/2024,False,False,178,2,SAT,AN,ES ZG526,ADVANCED COMPUTER NETWORKS,ELECTIVE_OR_UNSPECIFIED,,ESZG526|ADVANCED COMPUTER NETWORKS
doc,HT01 M.Tech. (Embedded System),HT01,1/2024,False,False,178,3,SUN,FN,ES ZG520,WIRELESS & MOBILE COMMUNICATION,ELECTIVE_OR_UNSPECIFIED,,ES ZG520| WIRELESS & MOBILE COMMUNICATION
doc,HT01 M.Tech. (Embedded System),HT01,1/2024,False,False,178,3,SUN,FN,ES ZG531,PERVASIVE COMPUTING,ELECTIVE_OR_UNSPECIFIED,,ESZG531|PERVASIVE COMPUTING
doc,HT01 M.Tech. (Embedded System),HT01,1/2024,False,False,178,3,SUN,FN,ES ZG621,VLSI DESIGN,ELECTIVE_OR_UNSPECIFIED,,ES ZG621|VLSI DESIGN
doc,HT01 M.Tech. (Embedded System),HT01,1/2024,False,False,178,3,SUN,FN,ES ZG642,VLSI ARCHITECTURES,ELECTIVE_OR_UNSPECIFIED,,ES ZG642|VLSI ARCHITECTURES
doc,HT01 M.Tech. (Embedded System),HT01,1/2024,False,False,178,4,SUN,AN,ES ZG511,MECHATRONICS,ELECTIVE_OR_UNSPECIFIED,,ESZG511|MECHATRONICS
doc,HT01 M.Tech. (Embedded System),HT01,1/2024,False,False,178,4,SUN,AN,ES ZG523,PROJECT MANAGEMENT,ELECTIVE_OR_UNSPECIFIED,,ES ZG523|PROJECT MANAGEMENT
doc,HT01 M.Tech. (Embedded System),HT01,1/2024,False,False,178,4,SUN,AN,ES ZG524,REAL TIME OPERATING SYSTEMS,ELECTIVE_OR_UNSPECIFIED,,ES ZG524|REAL TIME OPERATING SYSTEMS
doc,HT01 M.Tech. (Embedded System),HT01,1/2024,False,False,178,4,SUN,AN,ES ZC481,COMPUTER NETWORKS,ELECTIVE_OR_UNSPECIFIED,,ESZC481|COMPUTER NETWORKS
doc,HT01 M.Tech. (Embedded System),HT01,1/2024,False,False,178,7,SAT,EV,ES ZG571,OPTICAL COMMUNICATION,ELECTIVE_OR_UNSPECIFIED,,ES ZG571|OPTICAL COMMUNICATION
doc,HT01 M.Tech. (Embedded System),HT01,1/2024,False,False,178,7,SAT,EV,ES ZG613,ADVANCED  DIGITAL SIGNAL PROCESSING,ELECTIVE_OR_UNSPECIFIED,,ESZG613|ADVANCED DIGITAL SIGNAL PROCESSING
doc,HT01 M.Tech. (Embedded System),HT01,1/2024,False,False,178,7,SAT,EV,ES ZG561,MECHANISMS AND ROBOTICS,ELECTIVE_OR_UNSPECIFIED,,ESZG561|MECHANISMS AND ROBOTICS
doc,HT01 M.Tech. (Embedded System),HT01,1/2024,False,False,178,8,SUN,EV,ES ZG545,CONTROL & INSTRUMENTATION FOR SYSTEMS,ELECTIVE_OR_UNSPECIFIED,,ES ZG545| CONTROL & INSTRUMENTATION FOR SYSTEMS
doc,HT01 M.Tech. (Embedded System),HT01,1/2024,False,False,178,8,SUN,EV,ES ZG612,FAULT TOLERANT SYS DESIGN,ELECTIVE_OR_UNSPECIFIED,,ES ZG612|FAULT TOLERANT SYS DESIGN
doc,HT01 M.Tech. (Embedded System),HT01,1/2024,False,False,178,8,SUN,EV,ES ZC447,DATA STORAGE TECH & NETWORKS,ELECTIVE_OR_UNSPECIFIED,,ES ZC447|DATA STORAGE TECH & NETWORKS
doc,HT01 M.Tech. (Embedded System),HT01,2/2023,False,False,200,1,SAT,FN,ES ZG628T,DISSERTATION,ELECTIVE_OR_UNSPECIFIED,,ESZG628T|DISSERTATION
doc,HT01 M.Tech. (Embedded System),HT01,2/2023,False,False,200,3,SUN,FN,ES ZG553,REAL TIME SYSTEMS,BACKLOG,,ES ZG553 | REAL TIME SYSTEMS (CORE FOR BACKLOG)
doc,HT01 M.Tech. (Embedded System),HT01,2/2023,False,False,200,8,SUN,EV,ES ZG626,HARDWARE SOFTWARE CO-DESIGN,BACKLOG,,ESZG626|HARDWARE SOFTWARE CO-DESIGN (CORE FOR BACKLOG)
doc,HT02 M.Tech. (Environment Engineering),HT02,1/2025,True,False,,1,SAT,FN,EE ZG513,APPLIED TRANSPORT PHENOMENA,CORE,,EE ZG513|APPLIED TRANSPORT PHENOMENA (CORE)
doc,HT02 M.Tech. (Environment Engineering),HT02,1/2025,True,False,,2,SAT,AN,EE ZG511,ENVIRONMENTAL CHEMISTRY,CORE,,EEZG511|ENVIRONMENTAL CHEMISTRY (CORE)
doc,HT02 M.Tech. (Environment Engineering),HT02,1/2025,True,False,,3,SUN,FN,EE ZG515,ENVIRONMENTAL MANAGEMENT SYSTEM,CORE,,EEZG515|ENVIRONMENTAL MANAGEMENT SYSTEM (CORE)
doc,HT02 M.Tech. (Environment Engineering),HT02,1/2025,True,False,,4,SUN,AN,EE ZG512,ENVIRONMENTAL BIOTECHNOLOGY,CORE,,EEZG512|ENVIRONMENTAL BIOTECHNOLOGY (CORE)
doc,HT02 M.Tech. (Environment Engineering),HT02,2/2024,False,False,193,1,SAT,FN,EE ZG514,ENV SAMPLING & ANAL METHODS,CORE,,EE ZG514|ENV SAMPLING & ANAL METHODS (CORE)
doc,HT02 M.Tech. (Environment Engineering),HT02,2/2024,False,False,193,2,SAT,AN,EE ZG521,PHY CHE TREAT P&D FOR WW SYS,ELECTIVE_OR_UNSPECIFIED,,EE ZG521|PHY CHE TREAT P&D FOR WW SYS
doc,HT02 M.Tech. (Environment Engineering),HT02,2/2024,False,False,193,2,SAT,AN,EE ZG621,SOLID WASTE MANAGEMENT,ELECTIVE_OR_UNSPECIFIED,,EEZG621|SOLID WASTE MANAGEMENT
doc,HT02 M.Tech. (Environment Engineering),HT02,2/2024,False,False,193,3,SUN,FN,EE ZG523,ENVIRONMENTAL STATISTICS,ELECTIVE_OR_UNSPECIFIED,,EEZG523|ENVIRONMENTAL STATISTICS
doc,HT02 M.Tech. (Environment Engineering),HT02,2/2024,False,False,193,3,SUN,FN,EE ZG612,ENV REMOTE SENSING & GIS,ELECTIVE_OR_UNSPECIFIED,,EEZG612 ENV REMOTE SENSING & GIS
doc,HT02 M.Tech. (Environment Engineering),HT02,2/2024,False,False,193,4,SUN,AN,EE ZG623,ENV IMPACT AND RISK ASSESSMENT,ELECTIVE_OR_UNSPECIFIED,,EEZG623|ENV IMPACT AND RISK ASSESSMENT
doc,HT02 M.Tech. (Environment Engineering),HT02,2/2024,False,False,193,4,SUN,AN,EE ZG613,ENVIRONMENTAL SYS MODELLING,ELECTIVE_OR_UNSPECIFIED,,EEZG613|ENVIRONMENTAL SYS MODELLING
doc,HT02 M.Tech. (Environment Engineering),HT02,2/2024,False,False,193,7,SAT,EV,EE ZG614,AIR POLLUTION CONTROL TECH,ELECTIVE_OR_UNSPECIFIED,,EE ZG614|AIR POLLUTION CONTROL TECH
doc,HT02 M.Tech. (Environment Engineering),HT02,2/2024,False,False,193,8,SUN,EV,EE ZG522,BIO TREA PRIN & DES FOR WW SYS,ELECTIVE_OR_UNSPECIFIED,,EE ZG522|BIO TREA PRIN & DES FOR WW SYS
doc,HT02 M.Tech. (Environment Engineering),HT02,1/2024,False,False,149,1,SAT,FN,EE ZG622,ENVIRONMENTAL PROCESS ENGG,ELECTIVE_OR_UNSPECIFIED,,EEZG622|ENVIRONMENTAL PROCESS ENGG
doc,HT02 M.Tech. (Environment Engineering),HT02,1/2024,False,False,149,2,SAT,AN,EE ZG521,PHY CHE TREAT P&D FOR WW SYS,ELECTIVE_OR_UNSPECIFIED,,EE ZG521|PHY CHE TREAT P&D FOR WW SYS
doc,HT02 M.Tech. (Environment Engineering),HT02,1/2024,False,False,149,2,SAT,AN,EE ZG621,SOLID WASTE MANAGEMENT,ELECTIVE_OR_UNSPECIFIED,,EEZG621|SOLID WASTE MANAGEMENT
doc,HT02 M.Tech. (Environment Engineering),HT02,1/2024,False,False,149,3,SUN,FN,EE ZG523,ENVIRONMENTAL STATISTICS,ELECTIVE_OR_UNSPECIFIED,,EEZG523|ENVIRONMENTAL STATISTICS
doc,HT02 M.Tech. (Environment Engineering),HT02,1/2024,False,False,149,3,SUN,FN,EE ZG612,ENV REMOTE SENSING & GIS,ELECTIVE_OR_UNSPECIFIED,,EEZG612 ENV REMOTE SENSING & GIS
doc,HT02 M.Tech. (Environment Engineering),HT02,1/2024,False,False,149,4,SUN,AN,EE ZG623,ENV IMPACT AND RISK ASSESSMENT,ELECTIVE_OR_UNSPECIFIED,,EEZG623|ENV IMPACT AND RISK ASSESSMENT
doc,HT02 M.Tech. (Environment Engineering),HT02,1/2024,False,False,149,4,SUN,AN,EE ZG613,ENVIRONMENTAL SYS MODELLING,ELECTIVE_OR_UNSPECIFIED,,EEZG613|ENVIRONMENTAL SYS MODELLING
doc,HT02 M.Tech. (Environment Engineering),HT02,1/2024,False,False,149,7,SAT,EV,EE ZG614,AIR POLLUTION CONTROL TECH,ELECTIVE_OR_UNSPECIFIED,,EE ZG614|AIR POLLUTION CONTROL TECH
doc,HT02 M.Tech. (Environment Engineering),HT02,1/2024,False,False,149,8,SUN,EV,EE ZG522,BIO TREA PRIN & DES FOR WW SYS,ELECTIVE_OR_UNSPECIFIED,,EE ZG522|BIO TREA PRIN & DES FOR WW SYS
doc,HT02 M.Tech. (Environment Engineering),HT02,2/2023,False,False,158,1,SAT,FN,EE ZG628T,DISSERTATION,ELECTIVE_OR_UNSPECIFIED,,EEZG628T|DISSERTATION
doc,"HT06 M.Tech. (Sanitation Science, Technology & Management) (No Admission from last 3 semesters) No Batch",HT06,2/2023,False,False,,1,SAT,FN,SSTM ZG511,SANITATION TECHNOLOGY,ELECTIVE_OR_UNSPECIFIED,,SSTM ZG511|SANITATION TECHNOLOGY
doc,"HT06 M.Tech. (Sanitation Science, Technology & Management) (No Admission from last 3 semesters) No Batch",HT06,2/2023,False,False,,2,SAT,AN,SSTM ZG512,SANITATION AND PUBLIC HEALTH,ELECTIVE_OR_UNSPECIFIED,,SSTM ZG512|SANITATION AND PUBLIC HEALTH
doc,"HT06 M.Tech. (Sanitation Science, Technology & Management) (No Admission from last 3 semesters) No Batch",HT06,2/2023,False,False,,3,SUN,FN,SSTM ZG524,ENVIRONMENTAL STATISTICS,ELECTIVE_OR_UNSPECIFIED,,SSTM ZG524|ENVIRONMENTAL STATISTICS (2/2)
doc,"HT06 M.Tech. (Sanitation Science, Technology & Management) (No Admission from last 3 semesters) No Batch",HT06,2/2023,False,False,,4,SUN,AN,SSTM ZG528,ENV IMPACT AND RISK ASSESSMENT,ELECTIVE_OR_UNSPECIFIED,,SSTM ZG528|ENV IMPACT AND RISK ASSESSMENT (2/2)
doc,"HT06 M.Tech. (Sanitation Science, Technology & Management) (No Admission from last 3 semesters) No Batch",HT06,1/2023,False,False,0,1,SAT,FN,SSTM ZG516,ENV SAMPLING & ANAL METHODS,ELECTIVE_OR_UNSPECIFIED,,SSTM ZG516|ENV SAMPLING & ANAL METHODS (2/2)
doc,"HT06 M.Tech. (Sanitation Science, Technology & Management) (No Admission from last 3 semesters) No Batch",HT06,1/2023,False,False,0,2,SAT,AN,SSTM ZG515,EMERGENCY SAN & LEADERSHIP,ELECTIVE_OR_UNSPECIFIED,,SSTM ZG515|EMERGENCY SAN & LEADERSHIP
doc,"HT06 M.Tech. (Sanitation Science, Technology & Management) (No Admission from last 3 semesters) No Batch",HT06,1/2023,False,False,0,3,SUN,FN,SSTM ZG514,SAN FIN & PROJECT  MANAGEMENT,ELECTIVE_OR_UNSPECIFIED,,SSTM ZG514|SAN FIN & PROJECT MANAGEMENT
doc,"HT06 M.Tech. (Sanitation Science, Technology & Management) (No Admission from last 3 semesters) No Batch",HT06,1/2023,False,False,0,5,FRI,FN,SSTM ZG526,SOLID WASTE MANAGEMENT,ELECTIVE_OR_UNSPECIFIED,,SSTM ZG526|SOLID WASTE MANAGEMENT (2/2)
doc,"HT06 M.Tech. (Sanitation Science, Technology & Management) (No Admission from last 3 semesters) No Batch",HT06,1/2023,False,False,0,6,FRI,AN,SSTM ZG525,ENVIRONMENTAL SYS MODELLING,ELECTIVE_OR_UNSPECIFIED,,SSTM ZG525|ENVIRONMENTAL SYS MODELLING (2/2)
doc,"HT06 M.Tech. (Sanitation Science, Technology & Management) (No Admission from last 3 semesters) No Batch",HT06,1/2023,False,False,0,8,SUN,EV,SSTM ZG523,BIO TREA PRIN & DES FOR WW SYS,ELECTIVE_OR_UNSPECIFIED,,SSTM ZG523| BIO TREA PRIN & DES FOR WW SYS (2/2)
doc,"HT06 M.Tech. (Sanitation Science, Technology & Management) (No Admission from last 3 semesters) No Batch",HT06,2/2022,False,False,0,1,SAT,FN,SSTM ZG513,SAN GOV BEH CHANGE & ADVOCACY,ELECTIVE_OR_UNSPECIFIED,,SSTM ZG513|SAN GOV BEH CHANGE & ADVOCACY
doc,"HT06 M.Tech. (Sanitation Science, Technology & Management) (No Admission from last 3 semesters) No Batch",HT06,2/2022,False,False,0,2,SAT,AN,SSTM ZG521,ENVIRONMENTAL CHEMISTRY,ELECTIVE_OR_UNSPECIFIED,,SSTM ZG521|ENVIRONMENTAL CHEMISTRY (2/2)
doc,"HT06 M.Tech. (Sanitation Science, Technology & Management) (No Admission from last 3 semesters) No Batch",HT06,2/2022,False,False,0,3,SUN,FN,SSTM ZG527,ENVIRONMENTAL MANAGEMENT SYSTEM,ELECTIVE_OR_UNSPECIFIED,,SSTM ZG527|ENVIRONMENTAL MANAGEMENT SYSTEM (2/2)
doc,"HT06 M.Tech. (Sanitation Science, Technology & Management) (No Admission from last 3 semesters) No Batch",HT06,2/2022,False,False,0,4,SUN,AN,SSTM ZG522,ENVIRONMENTAL BIOTECHNOLOGY,ELECTIVE_OR_UNSPECIFIED,,SSTM ZG522|ENVIRONMENTAL BIOTECHNOLOGY (2/2)
doc,"HT06 M.Tech. (Sanitation Science, Technology & Management) (No Admission from last 3 semesters) No Batch",HT06,2/2022,False,False,0,5,FRI,FN,SSTM ZG526,SOLID WASTE MANAGEMENT,ELECTIVE_OR_UNSPECIFIED,,SSTM ZG526|SOLID WASTE MANAGEMENT (2/2)
doc,"HT06 M.Tech. (Sanitation Science, Technology & Management) (No Admission from last 3 semesters) No Batch",HT06,2/2022,False,False,0,6,FRI,AN,SSTM ZG525,ENVIRONMENTAL SYS MODELLING,ELECTIVE_OR_UNSPECIFIED,,SSTM ZG525|ENVIRONMENTAL SYS MODELLING (2/2)
doc,"HT06 M.Tech. (Sanitation Science, Technology & Management) (No Admission from last 3 semesters) No Batch",HT06,1/2022,False,False,2,1,SAT,FN,SSTM ZG628T,DISSERTATION,ELECTIVE_OR_UNSPECIFIED,,SSTM ZG628T|DISSERTATION
doc,MT12/MT13 M.Tech. (Software Systems),MT12/MT13,1/2025,True,False,,1,SAT,FN,SS ZG519,DATA STRUCTURES & ALGORITHMS DESIGN,CORE,,SS ZG519| DATA STRUCTURES & ALGORITHMS DESIGN (CORE)
doc,MT12/MT13 M.Tech. (Software Systems),MT12/MT13,1/2025,True,False,,2,SAT,AN,SS ZG526,DISTRIBUTED COMPUTING,CORE,,SSZG526|DISTRIBUTED COMPUTING (CORE)
doc,MT12/MT13 M.Tech. (Software Systems),MT12/MT13,1/2025,True,False,,3,SUN,FN,SS ZC416,MATH FOUNDATIONS FOR DATA SCI,ELECTIVE_OR_UNSPECIFIED,,SS ZC416|MATH FOUNDATIONS FOR DATA SCI
doc,MT12/MT13 M.Tech. (Software Systems),MT12/MT13,1/2025,True,False,,3,SUN,FN,SS ZG512,EMBEDDED SYSTEM DESIGN,ELECTIVE_OR_UNSPECIFIED,,SS ZG512|EMBEDDED SYSTEM DESIGN
doc,MT12/MT13 M.Tech. (Software Systems),MT12/MT13,1/2025,True,False,,3,SUN,FN,SS ZG514,OBJECT ORIENTED ANALYSIS & DESIGN,ELECTIVE_OR_UNSPECIFIED,,SS ZG514|OBJECT ORIENTED ANALYSIS & DESIGN
doc,MT12/MT13 M.Tech. (Software Systems),MT12/MT13,1/2025,True,False,,3,SUN,FN,SS ZG520,WIRELESS & MOBILE COMMUNICATION,ELECTIVE_OR_UNSPECIFIED,,SS ZG520|WIRELESS & MOBILE COMMUNICATION
doc,MT12/MT13 M.Tech. (Software Systems),MT12/MT13,1/2025,True,False,,3,SUN,FN,SS ZG553,REAL TIME SYSTEMS,ELECTIVE_OR_UNSPECIFIED,,SS ZG553|REAL TIME SYSTEMS
doc,MT12/MT13 M.Tech. (Software Systems),MT12/MT13,1/2025,True,False,,4,SUN,AN,SS ZG518,DATABASE DESIGN & APPLICATIONS,CORE,,SSZG518|DATABASE DESIGN & APPLICATIONS (CORE)
doc,MT12/MT13 M.Tech. (Software Systems),MT12/MT13,1/2025,True,False,,7,SAT,EV,SS ZC425,DATA MINING,ELECTIVE_OR_UNSPECIFIED,,SS ZC425|DATA MINING
doc,MT12/MT13 M.Tech. (Software Systems),MT12/MT13,1/2025,True,False,,7,SAT,EV,SS ZG528,CYBER PHYSICAL SYSTEMS,ELECTIVE_OR_UNSPECIFIED,,SS ZG528|CYBER PHYSICAL SYSTEMS
doc,MT12/MT13 M.Tech. (Software Systems),MT12/MT13,1/2025,True,False,,8,SUN,EV,SS ZG681,CYBER SECURITY,ELECTIVE_OR_UNSPECIFIED,,SS ZG681|CYBER SECURITY
doc,MT12/MT13 M.Tech. (Software Systems),MT12/MT13,1/2025,True,False,,8,SUN,EV,SS ZG562,SOFTWARE ENGINEERING AND MANAGEMENT,ELECTIVE_OR_UNSPECIFIED,,SSZG562|SOFTWARE ENGINEERING AND MANAGEMENT
doc,MT12/MT13 M.Tech. (Software Systems),MT12/MT13,1/2025,True,False,,8,SUN,EV,SS ZC444,ARTIFICIAL INTELLIGENCE,ELECTIVE_OR_UNSPECIFIED,,SS ZC444|ARTIFICIAL INTELLIGENCE
doc,MT12/MT13 M.Tech. (Software Systems),MT12/MT13,1/2025,True,False,,8,SUN,EV,SS ZC447,DATA STORAGE TECH &,ELECTIVE_OR_UNSPECIFIED,,SS ZC447|DATA STORAGE TECH &
doc,MT12/MT13 M.Tech. (Software Systems),MT12/MT13,1/2025,True,False,,8,SUN,EV,SS ZG626,HARDWARE SOFTWARE CO-DESIGN,ELECTIVE_OR_UNSPECIFIED,,SS ZG626|HARDWARE SOFTWARE CO-DESIGN
doc,MT12/MT13 M.Tech. (Software Systems),MT12/MT13,2/2024,False,False,178,1,SAT,FN,SS ZG653,SOFTWARE ARCHITECTURES,CORE,,SSZG653|SOFTWARE ARCHITECTURES (CORE)
doc,MT12/MT13 M.Tech. (Software Systems),MT12/MT13,2/2024,False,False,178,2,SAT,AN,SS ZG567,AI AND ML TECH IN CYBER SECU,ELECTIVE_OR_UNSPECIFIED,,SS ZG567 | AI AND ML TECH IN CYBER SECU
doc,MT12/MT13 M.Tech. (Software Systems),MT12/MT13,2/2024,False,False,178,2,SAT,AN,SS ZG568,APPLIED MACHINE LEARNING,ELECTIVE_OR_UNSPECIFIED,,SS ZG568|APPLIED MACHINE LEARNING
doc,MT12/MT13 M.Tech. (Software Systems),MT12/MT13,2/2024,False,False,178,2,SAT,AN,SS ZG575,ETHICAL HACKING,ELECTIVE_OR_UNSPECIFIED,,SS ZG575|ETHICAL HACKING
doc,MT12/MT13 M.Tech. (Software Systems),MT12/MT13,2/2024,False,False,178,2,SAT,AN,SS ZG589,MIDDLEWARE TECHNOLOGIES,ELECTIVE_OR_UNSPECIFIED,,SSZG589|MIDDLEWARE TECHNOLOGIES
doc,MT12/MT13 M.Tech. (Software Systems),MT12/MT13,2/2024,False,False,178,2,SAT,AN,SS ZG599,NATURAL LANGUAGE PROCESSING,ELECTIVE_OR_UNSPECIFIED,,SS ZG599|NATURAL LANGUAGE PROCESSING
doc,MT12/MT13 M.Tech. (Software Systems),MT12/MT13,2/2024,False,False,178,2,SAT,AN,SS ZG513,NETWORK SECURITY,ELECTIVE_OR_UNSPECIFIED,,SS ZG513|NETWORK SECURITY
doc,MT12/MT13 M.Tech. (Software Systems),MT12/MT13,2/2024,False,False,178,2,SAT,AN,SS ZG525,ADVANCED COMPUTER NETWORKS,ELECTIVE_OR_UNSPECIFIED,,SS ZG525|ADVANCED COMPUTER NETWORKS
doc,MT12/MT13 M.Tech. (Software Systems),MT12/MT13,2/2024,False,False,178,3,SUN,FN,SS ZC416,MATH FOUNDATIONS FOR DATA SCI,ELECTIVE_OR_UNSPECIFIED,,SS ZC416|MATH FOUNDATIONS FOR DATA SCI
doc,MT12/MT13 M.Tech. (Software Systems),MT12/MT13,2/2024,False,False,178,3,SUN,FN,SS ZG512,EMBEDDED SYSTEM DESIGN,ELECTIVE_OR_UNSPECIFIED,,SS ZG512|EMBEDDED SYSTEM DESIGN
doc,MT12/MT13 M.Tech. (Software Systems),MT12/MT13,2/2024,False,False,178,3,SUN,FN,SS ZG514,OBJECT ORIENTED ANALYSIS & DESIGN,ELECTIVE_OR_UNSPECIFIED,,SS ZG514|OBJECT ORIENTED ANALYSIS & DESIGN
doc,MT12/MT13 M.Tech. (Software Systems),MT12/MT13,2/2024,False,False,178,3,SUN,FN,SS ZG520,WIRELESS & MOBILE COMMUNICATION,ELECTIVE_OR_UNSPECIFIED,,SS ZG520|WIRELESS & MOBILE COMMUNICATION
doc,MT12/MT13 M.Tech. (Software Systems),MT12/MT13,2/2024,False,False,178,3,SUN,FN,SS ZG586,EDGE COMPUTING,ELECTIVE_OR_UNSPECIFIED,,SS ZG586|EDGE COMPUTING
doc,MT12/MT13 M.Tech. (Software Systems),MT12/MT13,2/2024,False,False,178,3,SUN,FN,SS ZG588,"CYBER CRIME, FOREN & INCI HAND",ELECTIVE_OR_UNSPECIFIED,,"SS ZG588|CYBER CRIME, FOREN & INCI HAND"
doc,MT12/MT13 M.Tech. (Software Systems),MT12/MT13,2/2024,False,False,178,3,SUN,FN,SS ZG553,REAL TIME SYSTEMS,ELECTIVE_OR_UNSPECIFIED,,SS ZG553|REAL TIME SYSTEMS
doc,MT12/MT13 M.Tech. (Software Systems),MT12/MT13,2/2024,False,False,178,4,SUN,AN,SS ZC462,NETWORK PROGRAMMING,ELECTIVE_OR_UNSPECIFIED,,SSZC462|NETWORK PROGRAMMING
doc,MT12/MT13 M.Tech. (Software Systems),MT12/MT13,2/2024,False,False,178,4,SUN,AN,SS ZG529,DEEP LEARNING,ELECTIVE_OR_UNSPECIFIED,,SS ZG529|DEEP LEARNING
doc,MT12/MT13 M.Tech. (Software Systems),MT12/MT13,2/2024,False,False,178,4,SUN,AN,SS ZG569,BLOCKCHAIN TECHNOLOGIES & SYST,ELECTIVE_OR_UNSPECIFIED,,SSZG569|BLOCKCHAIN TECHNOLOGIES & SYST
doc,MT12/MT13 M.Tech. (Software Systems),MT12/MT13,2/2024,False,False,178,4,SUN,AN,SS ZG584,DATA MANAGEMENT FOR IOT,ELECTIVE_OR_UNSPECIFIED,,SSZG584 | DATA MANAGEMENT FOR IOT
doc,MT12/MT13 M.Tech. (Software Systems),MT12/MT13,2/2024,False,False,178,4,SUN,AN,SS ZG684,PARALLEL EMBEDDED ARCHITECTURE,ELECTIVE_OR_UNSPECIFIED,,SSZG684|PARALLEL EMBEDDED ARCHITECTURE
doc,MT12/MT13 M.Tech. (Software Systems),MT12/MT13,2/2024,False,False,178,4,SUN,AN,SS ZC467,COMPUTER NETWORKS,ELECTIVE_OR_UNSPECIFIED,,SS ZC467|COMPUTER NETWORKS
doc,MT12/MT13 M.Tech. (Software Systems),MT12/MT13,2/2024,False,False,178,4,SUN,AN,SS ZG527,CLOUD COMPUTING,ELECTIVE_OR_UNSPECIFIED,,SS ZG527|CLOUD COMPUTING
doc,MT12/MT13 M.Tech. (Software Systems),MT12/MT13,2/2024,False,False,178,7,SAT,EV,SS ZG515,DATA WAREHOUSING,ELECTIVE_OR_UNSPECIFIED,,SS ZG515|DATA WAREHOUSING
doc,MT12/MT13 M.Tech. (Software Systems),MT12/MT13,2/2024,False,False,178,7,SAT,EV,SS ZG566,SECURE SOFTWARE ENGINEERING,ELECTIVE_OR_UNSPECIFIED,,SSZG566|SECURE SOFTWARE ENGINEERING
doc,MT12/MT13 M.Tech. (Software Systems),MT12/MT13,2/2024,False,False,178,7,SAT,EV,SS ZG580,SOFTWARE DEFINED NETWORKS,ELECTIVE_OR_UNSPECIFIED,,SSZG580|SOFTWARE DEFINED NETWORKS
doc,MT12/MT13 M.Tech. (Software Systems),MT12/MT13,2/2024,False,False,178,7,SAT,EV,SS ZG528,CYBER PHYSICAL SYSTEMS,ELECTIVE_OR_UNSPECIFIED,,SS ZG528|CYBER PHYSICAL SYSTEMS
doc,MT12/MT13 M.Tech. (Software Systems),MT12/MT13,2/2024,False,False,178,7,SAT,EV,SS ZC425,DATA MINING,ELECTIVE_OR_UNSPECIFIED,,SS ZC425|DATA MINING
doc,MT12/MT13 M.Tech. (Software Systems),MT12/MT13,2/2024,False,False,178,7,SAT,EV,SS ZG585,CROSS PLATFORM APP DEVELOPMENT,ELECTIVE_OR_UNSPECIFIED,,SS ZG585| CROSS PLATFORM APP DEVELOPMENT
doc,MT12/MT13 M.Tech. (Software Systems),MT12/MT13,2/2024,False,False,178,8,SUN,EV,SS ZG537,INFORMATION RETRIEVAL,ELECTIVE_OR_UNSPECIFIED,,SSZG537|INFORMATION RETRIEVAL
doc,MT12/MT13 M.Tech. (Software Systems),MT12/MT13,2/2024,False,False,178,8,SUN,EV,SS ZG556,STREAM PROCESSING & ANALYTICS,ELECTIVE_OR_UNSPECIFIED,,SSZG556|STREAM PROCESSING & ANALYTICS
doc,MT12/MT13 M.Tech. (Software Systems),MT12/MT13,2/2024,False,False,178,8,SUN,EV,SS ZG681,CYBER SECURITY,ELECTIVE_OR_UNSPECIFIED,,SS ZG681|CYBER SECURITY
doc,MT12/MT13 M.Tech. (Software Systems),MT12/MT13,2/2024,False,False,178,8,SUN,EV,SS ZG562,SOFTWARE ENGINEERING AND MANAGEMENT,ELECTIVE_OR_UNSPECIFIED,,SSZG562|SOFTWARE ENGINEERING AND MANAGEMENT
doc,MT12/MT13 M.Tech. (Software Systems),MT12/MT13,2/2024,False,False,178,8,SUN,EV,SS ZC444,ARTIFICIAL INTELLIGENCE,ELECTIVE_OR_UNSPECIFIED,,SS ZC444|ARTIFICIAL INTELLIGENCE
doc,MT12/MT13 M.Tech. (Software Systems),MT12/MT13,2/2024,False,False,178,8,SUN,EV,SS ZC447,DATA STORAGE TECH &,ELECTIVE_OR_UNSPECIFIED,,SS ZC447|DATA STORAGE TECH &
doc,MT12/MT13 M.Tech. (Software Systems),MT12/MT13,2/2024,False,False,178,8,SUN,EV,SS ZG626,HARDWARE SOFTWARE CO-DESIGN,ELECTIVE_OR_UNSPECIFIED,,SS ZG626|HARDWARE SOFTWARE CO-DESIGN
doc,MT12/MT13 M.Tech. (Software Systems),MT12/MT13,1/2024,False,False,198,1,SAT,FN,SS ZG656,NETWORK EMBEDDED APPLICATIONS,ELECTIVE_OR_UNSPECIFIED,,SS ZG656| NETWORK EMBEDDED APPLICATIONS
doc,MT12/MT13 M.Tech. (Software Systems),MT12/MT13,1/2024,False,False,198,1,SAT,FN,SS ZG536,ADV STAT TECHNIQUES FOR ANALYTICS,ELECTIVE_OR_UNSPECIFIED,,SS ZG536|ADV STAT TECHNIQUES FOR ANALYTICS
doc,MT12/MT13 M.Tech. (Software Systems),MT12/MT13,1/2024,False,False,198,1,SAT,FN,SS ZG570,"CLOUD, IOT & ENTERPRISE SEC",ELECTIVE_OR_UNSPECIFIED,,"SS ZG570|CLOUD, IOT & ENTERPRISE SEC"
doc,MT12/MT13 M.Tech. (Software Systems),MT12/MT13,1/2024,False,False,198,1,SAT,FN,SS ZG522,DESIGN & OPER OF DATA CENTERS,ELECTIVE_OR_UNSPECIFIED,,SS ZG522|DESIGN & OPER OF DATA CENTERS
doc,MT12/MT13 M.Tech. (Software Systems),MT12/MT13,1/2024,False,False,198,2,SAT,AN,SS ZG567,AI AND ML TECH IN CYBER SECU,ELECTIVE_OR_UNSPECIFIED,,SS ZG567 | AI AND ML TECH IN CYBER SECU
doc,MT12/MT13 M.Tech. (Software Systems),MT12/MT13,1/2024,False,False,198,2,SAT,AN,SS ZG568,APPLIED MACHINE LEARNING,ELECTIVE_OR_UNSPECIFIED,,SS ZG568|APPLIED MACHINE LEARNING
doc,MT12/MT13 M.Tech. (Software Systems),MT12/MT13,1/2024,False,False,198,2,SAT,AN,SS ZG575,ETHICAL HACKING,ELECTIVE_OR_UNSPECIFIED,,SS ZG575|ETHICAL HACKING
doc,MT12/MT13 M.Tech. (Software Systems),MT12/MT13,1/2024,False,False,198,2,SAT,AN,SS ZG589,MIDDLEWARE TECHNOLOGIES,ELECTIVE_OR_UNSPECIFIED,,SSZG589|MIDDLEWARE TECHNOLOGIES
doc,MT12/MT13 M.Tech. (Software Systems),MT12/MT13,1/2024,False,False,198,2,SAT,AN,SS ZG599,NATURAL LANGUAGE PROCESSING,ELECTIVE_OR_UNSPECIFIED,,SS ZG599|NATURAL LANGUAGE PROCESSING
doc,MT12/MT13 M.Tech. (Software Systems),MT12/MT13,1/2024,False,False,198,2,SAT,AN,SS ZG513,NETWORK SECURITY,ELECTIVE_OR_UNSPECIFIED,,SS ZG513|NETWORK SECURITY
doc,MT12/MT13 M.Tech. (Software Systems),MT12/MT13,1/2024,False,False,198,2,SAT,AN,SS ZG525,ADVANCED COMPUTER NETWORKS,ELECTIVE_OR_UNSPECIFIED,,SS ZG525|ADVANCED COMPUTER NETWORKS
doc,MT12/MT13 M.Tech. (Software Systems),MT12/MT13,1/2024,False,False,198,3,SUN,FN,SS ZC416,MATH FOUNDATIONS FOR DATA SCI,ELECTIVE_OR_UNSPECIFIED,,SS ZC416|MATH FOUNDATIONS FOR DATA SCI
doc,MT12/MT13 M.Tech. (Software Systems),MT12/MT13,1/2024,False,False,198,3,SUN,FN,SS ZG512,EMBEDDED SYSTEM DESIGN,ELECTIVE_OR_UNSPECIFIED,,SS ZG512|EMBEDDED SYSTEM DESIGN
doc,MT12/MT13 M.Tech. (Software Systems),MT12/MT13,1/2024,False,False,198,3,SUN,FN,SS ZG514,OBJECT ORIENTED ANALYSIS & DESIGN,ELECTIVE_OR_UNSPECIFIED,,SS ZG514|OBJECT ORIENTED ANALYSIS & DESIGN
doc,MT12/MT13 M.Tech. (Software Systems),MT12/MT13,1/2024,False,False,198,3,SUN,FN,SS ZG520,WIRELESS & MOBILE COMMUNICATION,ELECTIVE_OR_UNSPECIFIED,,SS ZG520|WIRELESS & MOBILE COMMUNICATION
doc,MT12/MT13 M.Tech. (Software Systems),MT12/MT13,1/2024,False,False,198,3,SUN,FN,SS ZG586,EDGE COMPUTING,ELECTIVE_OR_UNSPECIFIED,,SS ZG586|EDGE COMPUTING
doc,MT12/MT13 M.Tech. (Software Systems),MT12/MT13,1/2024,False,False,198,3,SUN,FN,SS ZG588,"CYBER CRIME, FOREN & INCI HAND",ELECTIVE_OR_UNSPECIFIED,,"SS ZG588|CYBER CRIME, FOREN & INCI HAND"
doc,MT12/MT13 M.Tech. (Software Systems),MT12/MT13,1/2024,False,False,198,3,SUN,FN,SS ZG553,REAL TIME SYSTEMS,ELECTIVE_OR_UNSPECIFIED,,SS ZG553|REAL TIME SYSTEMS
doc,MT12/MT13 M.Tech. (Software Systems),MT12/MT13,1/2024,False,False,198,4,SUN,AN,SS ZC462,NETWORK PROGRAMMING,ELECTIVE_OR_UNSPECIFIED,,SSZC462|NETWORK PROGRAMMING
doc,MT12/MT13 M.Tech. (Software Systems),MT12/MT13,1/2024,False,False,198,4,SUN,AN,SS ZG529,DEEP LEARNING,ELECTIVE_OR_UNSPECIFIED,,SS ZG529|DEEP LEARNING
doc,MT12/MT13 M.Tech. (Software Systems),MT12/MT13,1/2024,False,False,198,4,SUN,AN,SS ZG569,BLOCKCHAIN TECHNOLOGIES & SYST,ELECTIVE_OR_UNSPECIFIED,,SSZG569|BLOCKCHAIN TECHNOLOGIES & SYST
doc,MT12/MT13 M.Tech. (Software Systems),MT12/MT13,1/2024,False,False,198,4,SUN,AN,SS ZG584,DATA MANAGEMENT FOR IOT,ELECTIVE_OR_UNSPECIFIED,,SSZG584 | DATA MANAGEMENT FOR IOT
doc,MT12/MT13 M.Tech. (Software Systems),MT12/MT13,1/2024,False,False,198,4,SUN,AN,SS ZG684,PARALLEL EMBEDDED ARCHITECTURE,ELECTIVE_OR_UNSPECIFIED,,SSZG684|PARALLEL EMBEDDED ARCHITECTURE
doc,MT12/MT13 M.Tech. (Software Systems),MT12/MT13,1/2024,False,False,198,4,SUN,AN,SS ZC467,COMPUTER NETWORKS,ELECTIVE_OR_UNSPECIFIED,,SSZC467|COMPUTER NETWORKS
doc,MT12/MT13 M.Tech. (Software Systems),MT12/MT13,1/2024,False,False,198,4,SUN,AN,SS ZG527,CLOUD COMPUTING,ELECTIVE_OR_UNSPECIFIED,,SS ZG527|CLOUD COMPUTING
doc,MT12/MT13 M.Tech. (Software Systems),MT12/MT13,1/2024,False,False,198,7,SAT,EV,SS ZG515,DATA WAREHOUSING,ELECTIVE_OR_UNSPECIFIED,,SS ZG515|DATA WAREHOUSING
doc,MT12/MT13 M.Tech. (Software Systems),MT12/MT13,1/2024,False,False,198,7,SAT,EV,SS ZG566,SECURE SOFTWARE ENGINEERING,ELECTIVE_OR_UNSPECIFIED,,SSZG566|SECURE SOFTWARE ENGINEERING
doc,MT12/MT13 M.Tech. (Software Systems),MT12/MT13,1/2024,False,False,198,7,SAT,EV,SS ZG580,SOFTWARE DEFINED NETWORKS,ELECTIVE_OR_UNSPECIFIED,,SSZG580|SOFTWARE DEFINED NETWORKS
doc,MT12/MT13 M.Tech. (Software Systems),MT12/MT13,1/2024,False,False,198,7,SAT,EV,SS ZC427,SOFTWARE FOR EMBEDDED SYSTEMS,ELECTIVE_OR_UNSPECIFIED,,SSZC427|SOFTWARE FOR EMBEDDED SYSTEMS
doc,MT12/MT13 M.Tech. (Software Systems),MT12/MT13,1/2024,False,False,198,7,SAT,EV,SS ZG528,CYBER PHYSICAL SYSTEMS,ELECTIVE_OR_UNSPECIFIED,,SS ZG528|CYBER PHYSICAL SYSTEMS
doc,MT12/MT13 M.Tech. (Software Systems),MT12/MT13,1/2024,False,False,198,7,SAT,EV,SS ZC425,DATA MINING,ELECTIVE_OR_UNSPECIFIED,,SS ZC425|DATA MINING
doc,MT12/MT13 M.Tech. (Software Systems),MT12/MT13,1/2024,False,False,198,7,SAT,EV,SS ZG585,CROSS PLATFORM APP DEVELOPMENT,ELECTIVE_OR_UNSPECIFIED,,SS ZG585| CROSS PLATFORM APP DEVELOPMENT
doc,MT12/MT13 M.Tech. (Software Systems),MT12/MT13,1/2024,False,False,198,8,SUN,EV,SS ZG537,INFORMATION RETRIEVAL,ELECTIVE_OR_UNSPECIFIED,,SSZG537|INFORMATION RETRIEVAL
doc,MT12/MT13 M.Tech. (Software Systems),MT12/MT13,1/2024,False,False,198,8,SUN,EV,SS ZG556,STREAM PROCESSING & ANALYTICS,ELECTIVE_OR_UNSPECIFIED,,SSZG556|STREAM PROCESSING & ANALYTICS
doc,MT12/MT13 M.Tech. (Software Systems),MT12/MT13,1/2024,False,False,198,8,SUN,EV,SS ZG681,CYBER SECURITY,ELECTIVE_OR_UNSPECIFIED,,SS ZG681|CYBER SECURITY
doc,MT12/MT13 M.Tech. (Software Systems),MT12/MT13,1/2024,False,False,198,8,SUN,EV,SS ZC444,ARTIFICIAL INTELLIGENCE,ELECTIVE_OR_UNSPECIFIED,,SS ZC444|ARTIFICIAL INTELLIGENCE
doc,MT12/MT13 M.Tech. (Software Systems),MT12/MT13,1/2024,False,False,198,8,SUN,EV,SS ZG562,SOFTWARE ENGINEERING AND MANAGEMENT,ELECTIVE_OR_UNSPECIFIED,,SSZG562|SOFTWARE ENGINEERING AND MANAGEMENT
doc,MT12/MT13 M.Tech. (Software Systems),MT12/MT13,1/2024,False,False,198,8,SUN,EV,SS ZC447,DATA STORAGE TECH &,ELECTIVE_OR_UNSPECIFIED,,SS ZC447|DATA STORAGE TECH &
doc,MT12/MT13 M.Tech. (Software Systems),MT12/MT13,1/2024,False,False,198,8,SUN,EV,SS ZG626,HARDWARE SOFTWARE CO-DESIGN,ELECTIVE_OR_UNSPECIFIED,,SS ZG626|HARDWARE SOFTWARE CO-DESIGN
doc,MT12/MT13 M.Tech. (Software Systems),MT12/MT13,2/2023,False,False,246,1,SAT,FN,SS ZG628T,DISSERTATION,ELECTIVE_OR_UNSPECIFIED,,SSZG628T|DISSERTATION
doc,HT12 M.Tech. (Software Systems) Backlog only,HT12,,False,False,,1,SAT,FN,SS ZG538,INFRASTRUCTURE MANAGEMENT,ELECTIVE_OR_UNSPECIFIED,,SSZG538|INFRASTRUCTURE MANAGEMENT
doc,HT12 M.Tech. (Software Systems) Backlog only,HT12,,False,False,,1,SAT,FN,SS ZG622,SOFTWARE PROJECT MANAGEMENT,ELECTIVE_OR_UNSPECIFIED,,SSZG622|SOFTWARE PROJECT MANAGEMENT
doc,HT12 M.Tech. (Software Systems) Backlog only,HT12,,False,False,,1,SAT,FN,SS ZG552,SOFTWARE TESTING METHODOLOGIES,ELECTIVE_OR_UNSPECIFIED,,SSZG552|SOFTWARE TESTING METHODOLOGIES (Should not assign IM & SPM to MT12 & MT13 students)
doc,HT12 M.Tech. (Software Systems) Backlog only,HT12,,False,False,,2,SAT,AN,SS ZG656,NETWORK EMBEDDED APPLICATIONS,ELECTIVE_OR_UNSPECIFIED,,SS ZG656| NETWORK EMBEDDED APPLICATIONS
doc,HT12 M.Tech. (Software Systems) Backlog only,HT12,,False,False,,3,SUN,FN,SS ZG531,PERVASIVE COMPUTING,ELECTIVE_OR_UNSPECIFIED,,SSZG531|PERVASIVE COMPUTING
doc,HT12 M.Tech. (Software Systems) Backlog only,HT12,,False,False,,3,SUN,FN,SS ZG582,TELECOM NETWORK MANAGEMENT,ELECTIVE_OR_UNSPECIFIED,,SS ZG582|TELECOM NETWORK MANAGEMENT
doc,HT12 M.Tech. (Software Systems) Backlog only,HT12,,False,False,,3,SUN,FN,SS ZG520,WIRELESS & MOBILE COMMUNICATION,ELECTIVE_OR_UNSPECIFIED,,SS ZG520|WIRELESS & MOBILE COMMUNICATION
doc,HT12 M.Tech. (Software Systems) Backlog only,HT12,,False,False,,3,SUN,FN,EEE ZG512,EMBEDDED SYSTEM DESIGN,ELECTIVE_OR_UNSPECIFIED,,EEEZG512|EMBEDDED SYSTEM DESIGN
doc,HT12 M.Tech. (Software Systems) Backlog only,HT12,,False,False,,4,SUN,AN,IS ZC462,NETWORK PROGRAMMING,ELECTIVE_OR_UNSPECIFIED,,IS ZC462|NETWORK PROGRAMMING
doc,HT12 M.Tech. (Software Systems) Backlog only,HT12,,False,False,,4,SUN,AN,CS ZG524,REAL TIME OPERATING SYSTEMS,ELECTIVE_OR_UNSPECIFIED,,CS ZG524|REAL TIME OPERATING SYSTEMS
doc,HT12 M.Tech. (Software Systems) Backlog only,HT12,,False,False,,5,FRI,FN,SS ZG513,NETWORK SECURITY,ELECTIVE_OR_UNSPECIFIED,,SS ZG513|NETWORK SECURITY
doc,HT12 M.Tech. (Software Systems) Backlog only,HT12,,False,False,,5,FRI,FN,CS ZG525,ADVANCED COMPUTER NETWORKS,ELECTIVE_OR_UNSPECIFIED,,CSZG525|ADVANCED COMPUTER NETWORKS
doc,HT12 M.Tech. (Software Systems) Backlog only,HT12,,False,False,,5,FRI,FN,IS ZC415,DATA MINING,ELECTIVE_OR_UNSPECIFIED,,IS ZC415|DATA MINING
doc,HT12 M.Tech. (Software Systems) Backlog only,HT12,,False,False,,5,FRI,FN,BITS ZG553,REAL TIME SYSTEMS,ELECTIVE_OR_UNSPECIFIED,,BITS ZG553|REAL TIME SYSTEMS
doc,HT12 M.Tech. (Software Systems) Backlog only,HT12,,False,False,,5,FRI,FN,IS ZC467,COMPUTER NETWORKS,ELECTIVE_OR_UNSPECIFIED,,ISZC467|COMPUTER NETWORKS
doc,HT12 M.Tech. (Software Systems) Backlog only,HT12,,False,False,,6,FRI,AN,IS ZC444,ARTIFICIAL INTELLIGENCE,ELECTIVE_OR_UNSPECIFIED,,IS ZC444|ARTIFICIAL INTELLIGENCE
doc,HT12 M.Tech. (Software Systems) Backlog only,HT12,,False,False,,6,FRI,AN,EEE ZG573,DIGITAL SIGNAL PROCESSING,ELECTIVE_OR_UNSPECIFIED,,EEE ZG573|DIGITAL SIGNAL PROCESSING
doc,HT12 M.Tech. (Software Systems) Backlog only,HT12,,False,False,,6,FRI,AN,IS ZC447,DATA STORAGE TECH & NETWORKS,ELECTIVE_OR_UNSPECIFIED,,IS ZC447|DATA STORAGE TECH & NETWORKS
doc,HT12 M.Tech. (Software Systems) Backlog only,HT12,,False,False,,6,FRI,AN,SS ZG536,ADV STAT TECHNIQUES FOR ANALYTICS,ELECTIVE_OR_UNSPECIFIED,,SS ZG536|ADV STAT TECHNIQUES FOR ANALYTICS
doc,HT12 M.Tech. (Software Systems) Backlog only,HT12,,False,False,,6,FRI,AN,SS ZG626,HARDWARE  SOFTWARE CO-DESIGN,ELECTIVE_OR_UNSPECIFIED,,SSZG626|HARDWARE SOFTWARE CO-DESIGN
doc,HT12 M.Tech. (Software Systems) Backlog only,HT12,,False,False,,6,FRI,AN,SS ZG527,CLOUD COMPUTING,ELECTIVE_OR_UNSPECIFIED,,SS ZG527|CLOUD COMPUTING
doc,HT12 M.Tech. (Software Systems) Backlog only,HT12,,False,False,,7,SAT,EV,SS ZG661,SOFTWARE QUALITY MANAGEMENT,ELECTIVE_OR_UNSPECIFIED,,SSZG661|SOFTWARE QUALITY MANAGEMENT
doc,HT12 M.Tech. (Software Systems) Backlog only,HT12,,False,False,,7,SAT,EV,EEE ZG571,OPTICAL COMMUNICATIONS,ELECTIVE_OR_UNSPECIFIED,,EEE ZG 571|OPTICAL COMMUNICATIONS
doc,HT12 M.Tech. (Software Systems) Backlog only,HT12,,False,False,,7,SAT,EV,SS ZG515,DATA WAREHOUSING,ELECTIVE_OR_UNSPECIFIED,,SS ZG515|DATA WAREHOUSING
doc,HT12 M.Tech. (Software Systems) Backlog only,HT12,,False,False,,7,SAT,EV,SS ZG566,SECURE SOFTWARE ENGINEERING,ELECTIVE_OR_UNSPECIFIED,,SS ZG566|SECURE SOFTWARE ENGINEERING
doc,HT12 M.Tech. (Software Systems) Backlog only,HT12,,False,False,,8,SUN,EV,SS ZG537,INFORMATION RETRIEVAL,ELECTIVE_OR_UNSPECIFIED,,SS ZG537|INFORMATION RETRIEVAL (2/2) 1. 505661|
doc,HT12 M.Tech. (Software Systems) Backlog only,HT12,,False,False,,8,SUN,EV,SS ZG681,CYBER SECURITY,ELECTIVE_OR_UNSPECIFIED,,SS ZG681|CYBER SECURITY(2/3)
doc,HT12 M.Tech. (Software Systems) Backlog only,HT12,,False,False,,8,SUN,EV,SS ZC427,SOFTWARE FOR EMBEDDED SYSTEMS,ELECTIVE_OR_UNSPECIFIED,,SSZC427|SOFTWARE FOR EMBEDDED SYSTEMS
doc,HT12 M.Tech. (Software Systems) Backlog only,HT12,,False,False,,8,SUN,EV,SS ZG562,SOFTWARE ENGINEERING AND MANAGEMENT,ELECTIVE_OR_UNSPECIFIED,,SSZG562|SOFTWARE ENGINEERING AND MANAGEMENT
doc,HT15 M.Tech. (Software Systems),HT15,1/2025,False,False,,1,SAT,FN,SS ZC222,DISC STRU FOR COMPUTER SCI,ELECTIVE_OR_UNSPECIFIED,,SSZC222 | DISC STRU FOR COMPUTER SCI
doc,HT15 M.Tech. (Software Systems),HT15,1/2025,False,False,,2,SAT,AN,SS ZC234,LINEAR ALGEBRA & OPTIMIZATION,ELECTIVE_OR_UNSPECIFIED,,SS ZC234 | LINEAR ALGEBRA & OPTIMIZATION
doc,HT15 M.Tech. (Software Systems),HT15,1/2025,False,False,,3,SUN,FN,SS ZC163,COMPUTER PROGRAMMING,ELECTIVE_OR_UNSPECIFIED,,SS ZC163 | COMPUTER PROGRAMMING
doc,HT15 M.Tech. (Software Systems),HT15,1/2025,False,False,,4,SUN,AN,SS ZC263,DIGITAL ELECTRONICS & MICRO,ELECTIVE_OR_UNSPECIFIED,,SS ZC263 | DIGITAL ELECTRONICS & MICRO
doc,HT15 M.Tech. (Software Systems),HT15,2/2024,False,False,,1,SAT,FN,SS ZC313,OBJECT ORIENTED PROGRAMMING & DESIGN,ELECTIVE_OR_UNSPECIFIED,,SS ZC313|OBJECT ORIENTED PROGRAMMING & DESIGN
doc,HT15 M.Tech. (Software Systems),HT15,2/2024,False,False,,2,SAT,AN,SS ZC327,SYSTEPROGRAMMIN,ELECTIVE_OR_UNSPECIFIED,,SSZC327|SYSTEPROGRAMMIN
doc,HT15 M.Tech. (Software Systems),HT15,2/2024,False,False,,3,SUN,FN,SS ZC353,COMPUTER ORGANIZATION & ARCHITECTURE,ELECTIVE_OR_UNSPECIFIED,,SS ZC353|COMPUTER ORGANIZATION & ARCHITECTURE
doc,HT15 M.Tech. (Software Systems),HT15,2/2024,False,False,,4,SUN,AN,SS ZC363,DATA STRUCTURES & ALGORITHMS,ELECTIVE_OR_UNSPECIFIED,,SS ZC363|DATA STRUCTURES & ALGORITHMS
doc,HT15 M.Tech. (Software Systems),HT15,1/2024,False,False,,1,SAT,FN,SS ZC364,Operating Systems,ELECTIVE_OR_UNSPECIFIED,,SS ZC364|Operating Systems
doc,HT15 M.Tech. (Software Systems),HT15,1/2024,False,False,,2,SAT,AN,SS ZC337,Database Systems & Applications,ELECTIVE_OR_UNSPECIFIED,,SSZC337|Database Systems & Applications
doc,HT15 M.Tech. (Software Systems),HT15,1/2024,False,False,,3,SUN,FN,SS ZC416,MATH FOUNDATION FOR DATA SCI,ELECTIVE_OR_UNSPECIFIED,,SS ZC416 MATH FOUNDATION FOR DATA SCI
doc,HT15 M.Tech. (Software Systems),HT15,1/2024,False,False,,3,SUN,FN,SS ZG512,EMBEDDED SYSTEM DESIGN,ELECTIVE_OR_UNSPECIFIED,,SS ZG512|EMBEDDED SYSTEM DESIGN
doc,HT15 M.Tech. (Software Systems),HT15,1/2024,False,False,,3,SUN,FN,SS ZG514,OBJECT ORIENTED ANALYSIS & DESIGN,ELECTIVE_OR_UNSPECIFIED,,SS ZG514|OBJECT ORIENTED ANALYSIS & DESIGN
doc,HT15 M.Tech. (Software Systems),HT15,1/2024,False,False,,4,SUN,AN,SS ZC111,Probability & Statistics,ELECTIVE_OR_UNSPECIFIED,,SSZC111|Probability & Statistics
doc,HT15 M.Tech. (Software Systems),HT15,1/2024,False,False,,7,SAT,EV,SS ZC425,DATA MINING,ELECTIVE_OR_UNSPECIFIED,,SS ZC425|DATA MINING
doc,HT15 M.Tech. (Software Systems),HT15,1/2024,False,False,,8,SUN,EV,SS ZC444,Artificial Intelligence,ELECTIVE_OR_UNSPECIFIED,,SS ZC444| Artificial Intelligence
doc,HT15 M.Tech. (Software Systems),HT15,1/2024,False,False,,8,SUN,EV,SS ZC447,DATA STORAGE TECH & NETWORKS,ELECTIVE_OR_UNSPECIFIED,,SS ZC447|DATA STORAGE TECH & NETWORKS
doc,HT15 M.Tech. (Software Systems),HT15,2/2023,False,False,,1,SAT,FN,SS ZC373,COMPILER DESIGN,ELECTIVE_OR_UNSPECIFIED,,SS ZC373|COMPILER DESIGN (2/2)
doc,HT15 M.Tech. (Software Systems),HT15,2/2023,False,False,,2,SAT,AN,SS ZC343,SOFTWARE ENGINEERING,ELECTIVE_OR_UNSPECIFIED,,SS ZC343 | SOFTWARE ENGINEERING (2/2)
doc,HT15 M.Tech. (Software Systems),HT15,2/2023,False,False,,3,SUN,FN,SS ZC328,SOFTWARE TESTING,ELECTIVE_OR_UNSPECIFIED,,SS ZC328 SOFTWARE TESTING (1/1)
doc,HT15 M.Tech. (Software Systems),HT15,2/2023,False,False,,4,SUN,AN,SS ZC467,COMPUTER NETWORKS,CORE,,SS ZC467 COMPUTER NETWORKS (core)
doc,HT15 M.Tech. (Software Systems),HT15,1/2023,False,False,,1,SAT,FN,SS ZG653,SOFTWARE ARCHITECTURES,ELECTIVE_OR_UNSPECIFIED,,SS ZG653|SOFTWARE ARCHITECTURES
doc,HT15 M.Tech. (Software Systems),HT15,1/2023,False,False,,1,SAT,FN,SS ZG536,ADV STAT TECH,ELECTIVE_OR_UNSPECIFIED,,SS ZG536 ADV STAT TECH
doc,HT15 M.Tech. (Software Systems),HT15,1/2023,False,False,,1,SAT,FN,SS ZG570,"CLOUD, IOT & ENTER",ELECTIVE_OR_UNSPECIFIED,,"SS ZG570 CLOUD, IOT & ENTER"
doc,HT15 M.Tech. (Software Systems),HT15,1/2023,False,False,,2,SAT,AN,SS ZG526,DISTRIBUTED COMPUTING,ELECTIVE_OR_UNSPECIFIED,,SS ZG526|DISTRIBUTED COMPUTING
doc,HT15 M.Tech. (Software Systems),HT15,1/2023,False,False,,2,SAT,AN,SS ZG513,NETWORK SEC,ELECTIVE_OR_UNSPECIFIED,,SS ZG513 NETWORK SEC
doc,HT15 M.Tech. (Software Systems),HT15,1/2023,False,False,,2,SAT,AN,SS ZG525,ADV COMP NET,ELECTIVE_OR_UNSPECIFIED,,SS ZG525 ADV COMP NET
doc,HT15 M.Tech. (Software Systems),HT15,1/2023,False,False,,3,SUN,FN,SS ZC462,NETWORK PROGRAMMING,ELECTIVE_OR_UNSPECIFIED,,SS ZC462 NETWORK PROGRAMMING
doc,HT15 M.Tech. (Software Systems),HT15,1/2023,False,False,,3,SUN,FN,SS ZC416,MATH FOUNDATION FOR DATA SCI,ELECTIVE_OR_UNSPECIFIED,,SS ZC416 MATH FOUNDATION FOR DATA SCI
doc,HT15 M.Tech. (Software Systems),HT15,1/2023,False,False,,3,SUN,FN,SS ZG512,EMBEDDED SYSTEM DESIGN,ELECTIVE_OR_UNSPECIFIED,,SS ZG512|EMBEDDED SYSTEM DESIGN
doc,HT15 M.Tech. (Software Systems),HT15,1/2023,False,False,,3,SUN,FN,SS ZG514,OBJECT ORIENTED ANALYSIS & DESIGN,ELECTIVE_OR_UNSPECIFIED,,SS ZG514|OBJECT ORIENTED ANALYSIS & DESIGN
doc,HT15 M.Tech. (Software Systems),HT15,1/2023,False,False,,3,SUN,FN,SS ZG520,WIRELESS & MOBILE COMMUNICATION,ELECTIVE_OR_UNSPECIFIED,,SS ZG520|WIRELESS & MOBILE COMMUNICATION
doc,HT15 M.Tech. (Software Systems),HT15,1/2023,False,False,,3,SUN,FN,SS ZG586,EDGE COMPUTING,ELECTIVE_OR_UNSPECIFIED,,SS ZG586 EDGE COMPUTING
doc,HT15 M.Tech. (Software Systems),HT15,1/2023,False,False,,3,SUN,FN,SS ZG588,"CYBER CRIME, FOREN",ELECTIVE_OR_UNSPECIFIED,,"SS ZG588 CYBER CRIME, FOREN"
doc,HT15 M.Tech. (Software Systems),HT15,1/2023,False,False,,3,SUN,FN,SS ZG553,REAL TIME SYS,ELECTIVE_OR_UNSPECIFIED,,SS ZG553 REAL TIME SYS
doc,HT15 M.Tech. (Software Systems),HT15,1/2023,False,False,,4,SUN,AN,SS ZG529,DEEP LEARNING,ELECTIVE_OR_UNSPECIFIED,,SS ZG529 DEEP LEARNING
doc,HT15 M.Tech. (Software Systems),HT15,1/2023,False,False,,4,SUN,AN,SS ZG569,BLOCK CHAIN,ELECTIVE_OR_UNSPECIFIED,,SSZG569 BLOCK CHAIN
doc,HT15 M.Tech. (Software Systems),HT15,1/2023,False,False,,4,SUN,AN,SS ZG584,DATA MANAGEMENT FOR IOT,ELECTIVE_OR_UNSPECIFIED,,SS ZG584 DATA MANAGEMENT FOR IOT
doc,HT15 M.Tech. (Software Systems),HT15,1/2023,False,False,,4,SUN,AN,SS ZG684,PARALLEL EMBEDDED,ELECTIVE_OR_UNSPECIFIED,,SS ZG684 PARALLEL EMBEDDED
doc,HT15 M.Tech. (Software Systems),HT15,1/2023,False,False,,4,SUN,AN,SS ZC467,COMPUTER NETWORKS,ELECTIVE_OR_UNSPECIFIED,,SS ZC467 COMPUTER NETWORKS
doc,HT15 M.Tech. (Software Systems),HT15,1/2023,False,False,,4,SUN,AN,SS ZG527,CLOUD COMP,ELECTIVE_OR_UNSPECIFIED,,SS ZG527 CLOUD COMP
doc,HT15 M.Tech. (Software Systems),HT15,1/2023,False,False,,7,SAT,EV,SS ZG515,DATA WAREHOUSING,ELECTIVE_OR_UNSPECIFIED,,SS ZG515 DATA WAREHOUSING
doc,HT15 M.Tech. (Software Systems),HT15,1/2023,False,False,,7,SAT,EV,SS ZG566,SECURE SOFTWARE ENGG,ELECTIVE_OR_UNSPECIFIED,,SS ZG566 SECURE SOFTWARE ENGG
doc,HT15 M.Tech. (Software Systems),HT15,1/2023,False,False,,7,SAT,EV,SS ZG580,SOFTWARE DEFINED,ELECTIVE_OR_UNSPECIFIED,,SS ZG580 SOFTWARE DEFINED
doc,HT15 M.Tech. (Software Systems),HT15,1/2023,False,False,,7,SAT,EV,SS ZC425,DATA MINING,ELECTIVE_OR_UNSPECIFIED,,SS ZC425|DATA MINING
doc,HT15 M.Tech. (Software Systems),HT15,1/2023,False,False,,7,SAT,EV,SS ZG585,CROSS PLAT APPL DEV,ELECTIVE_OR_UNSPECIFIED,,SS ZG585 CROSS PLAT APPL DEV
doc,HT15 M.Tech. (Software Systems),HT15,1/2023,False,False,,7,SAT,EV,SS ZG528,CYBER PHY SYS,ELECTIVE_OR_UNSPECIFIED,,SS ZG528 CYBER PHY SYS
doc,HT15 M.Tech. (Software Systems),HT15,1/2023,False,False,,8,SUN,EV,SS ZG537,INFORMATION RETRIEVEL,ELECTIVE_OR_UNSPECIFIED,,SS ZG537 INFORMATION RETRIEVEL
doc,HT15 M.Tech. (Software Systems),HT15,1/2023,False,False,,8,SUN,EV,SS ZG556,STREAM PROCESSING,ELECTIVE_OR_UNSPECIFIED,,SSZG556 STREAM PROCESSING
doc,HT15 M.Tech. (Software Systems),HT15,1/2023,False,False,,8,SUN,EV,SS ZG681,CYBER SECURITY,ELECTIVE_OR_UNSPECIFIED,,SS ZG681 CYBER SECURITY
doc,HT15 M.Tech. (Software Systems),HT15,1/2023,False,False,,8,SUN,EV,SS ZC427,SOFTWARE FOR EMBEDDED SYSTEMS,ELECTIVE_OR_UNSPECIFIED,,SS ZC427|SOFTWARE FOR EMBEDDED SYSTEMS
doc,HT15 M.Tech. (Software Systems),HT15,1/2023,False,False,,8,SUN,EV,SS ZG562,SOFTWARE ENGG & MGMT,ELECTIVE_OR_UNSPECIFIED,,SS ZG562 SOFTWARE ENGG & MGMT
doc,HT15 M.Tech. (Software Systems),HT15,1/2023,False,False,,8,SUN,EV,SS ZC444,Artificial Intelligence,ELECTIVE_OR_UNSPECIFIED,,SS ZC444| Artificial Intelligence
doc,HT15 M.Tech. (Software Systems),HT15,1/2023,False,False,,8,SUN,EV,SS ZG626,HARDWARE SOFTWARE CO-DESIGN,ELECTIVE_OR_UNSPECIFIED,,SS ZG626 HARDWARE SOFTWARE CO-DESIGN
doc,HT15 M.Tech. (Software Systems),HT15,2/2022,False,False,24,1,SAT,FN,SS ZG653,SOFTWARE ARCHITECTURES,ELECTIVE_OR_UNSPECIFIED,,SS ZG653|SOFTWARE ARCHITECTURES
doc,HT15 M.Tech. (Software Systems),HT15,2/2022,False,False,24,1,SAT,FN,SS ZG536,ADV STAT TECH,ELECTIVE_OR_UNSPECIFIED,,SS ZG536 ADV STAT TECH
doc,HT15 M.Tech. (Software Systems),HT15,2/2022,False,False,24,1,SAT,FN,SS ZG570,"CLOUD, IOT & ENTER",ELECTIVE_OR_UNSPECIFIED,,"SS ZG570 CLOUD, IOT & ENTER"
doc,HT15 M.Tech. (Software Systems),HT15,2/2022,False,False,24,2,SAT,AN,SS ZG513,NETWORK SEC,ELECTIVE_OR_UNSPECIFIED,,SS ZG513 NETWORK SEC
doc,HT15 M.Tech. (Software Systems),HT15,2/2022,False,False,24,2,SAT,AN,SS ZG525,ADV COMP NET,ELECTIVE_OR_UNSPECIFIED,,SS ZG525 ADV COMP NET
doc,HT15 M.Tech. (Software Systems),HT15,2/2022,False,False,24,3,SUN,FN,SS ZC416,MATH FOUNDATION FOR DATA SCI,ELECTIVE_OR_UNSPECIFIED,,SS ZC416 MATH FOUNDATION FOR DATA SCI
doc,HT15 M.Tech. (Software Systems),HT15,2/2022,False,False,24,3,SUN,FN,SS ZG512,EMBEDDED SYSTEM DESIGN,ELECTIVE_OR_UNSPECIFIED,,SS ZG512|EMBEDDED SYSTEM DESIGN
doc,HT15 M.Tech. (Software Systems),HT15,2/2022,False,False,24,3,SUN,FN,SS ZG514,OBJECT ORIENTED ANALYSIS & DESIGN,ELECTIVE_OR_UNSPECIFIED,,SS ZG514|OBJECT ORIENTED ANALYSIS & DESIGN
doc,HT15 M.Tech. (Software Systems),HT15,2/2022,False,False,24,3,SUN,FN,SS ZG520,WIRELESS & MOBILE COMMUNICATION,ELECTIVE_OR_UNSPECIFIED,,SS ZG520|WIRELESS & MOBILE COMMUNICATION
doc,HT15 M.Tech. (Software Systems),HT15,2/2022,False,False,24,3,SUN,FN,SS ZG586,EDGE COMPUTING,ELECTIVE_OR_UNSPECIFIED,,SS ZG586 EDGE COMPUTING
doc,HT15 M.Tech. (Software Systems),HT15,2/2022,False,False,24,3,SUN,FN,SS ZG553,REAL TIME SYS,ELECTIVE_OR_UNSPECIFIED,,SS ZG553 REAL TIME SYS
doc,HT15 M.Tech. (Software Systems),HT15,2/2022,False,False,24,3,SUN,FN,SS ZG588,"CYBER CRIME, FOREN",ELECTIVE_OR_UNSPECIFIED,,"SS ZG588 CYBER CRIME, FOREN"
doc,HT15 M.Tech. (Software Systems),HT15,2/2022,False,False,24,4,SUN,AN,SS ZG529,DEEP LEARNING,ELECTIVE_OR_UNSPECIFIED,,SS ZG529 DEEP LEARNING
doc,HT15 M.Tech. (Software Systems),HT15,2/2022,False,False,24,4,SUN,AN,SS ZG569,BLOCK CHAIN,ELECTIVE_OR_UNSPECIFIED,,SSZG569 BLOCK CHAIN
doc,HT15 M.Tech. (Software Systems),HT15,2/2022,False,False,24,4,SUN,AN,SS ZG584,DATA MANAGEMENT FOR IOT,ELECTIVE_OR_UNSPECIFIED,,SS ZG584 DATA MANAGEMENT FOR IOT
doc,HT15 M.Tech. (Software Systems),HT15,2/2022,False,False,24,4,SUN,AN,SS ZG684,PARALLEL EMBEDDED,ELECTIVE_OR_UNSPECIFIED,,SS ZG684 PARALLEL EMBEDDED
doc,HT15 M.Tech. (Software Systems),HT15,2/2022,False,False,24,4,SUN,AN,SS ZC467,COMPUTER NETWORKS,ELECTIVE_OR_UNSPECIFIED,,SS ZC467 COMPUTER NETWORKS
doc,HT15 M.Tech. (Software Systems),HT15,2/2022,False,False,24,4,SUN,AN,SS ZG527,CLOUD COMP,ELECTIVE_OR_UNSPECIFIED,,SS ZG527 CLOUD COMP
doc,HT15 M.Tech. (Software Systems),HT15,2/2022,False,False,24,4,SUN,AN,SS ZC462,NETWORK PROGRAMMING,ELECTIVE_OR_UNSPECIFIED,,SS ZC462 NETWORK PROGRAMMING
doc,HT15 M.Tech. (Software Systems),HT15,2/2022,False,False,24,7,SAT,EV,SS ZG515,DATA WAREHOUSING,ELECTIVE_OR_UNSPECIFIED,,SS ZG515 DATA WAREHOUSING
doc,HT15 M.Tech. (Software Systems),HT15,2/2022,False,False,24,7,SAT,EV,SS ZG566,SECURE SOFTWARE ENGG,ELECTIVE_OR_UNSPECIFIED,,SS ZG566 SECURE SOFTWARE ENGG
doc,HT15 M.Tech. (Software Systems),HT15,2/2022,False,False,24,7,SAT,EV,SS ZG580,SOFTWARE DEFINED,ELECTIVE_OR_UNSPECIFIED,,SS ZG580 SOFTWARE DEFINED
doc,HT15 M.Tech. (Software Systems),HT15,2/2022,False,False,24,7,SAT,EV,SS ZC425,DATA MINING,ELECTIVE_OR_UNSPECIFIED,,SS ZC425|DATA MINING
doc,HT15 M.Tech. (Software Systems),HT15,2/2022,False,False,24,7,SAT,EV,SS ZG585,CROSS PLAT APPL DEV,ELECTIVE_OR_UNSPECIFIED,,SS ZG585 CROSS PLAT APPL DEV
doc,HT15 M.Tech. (Software Systems),HT15,2/2022,False,False,24,7,SAT,EV,SS ZG528,CYBER PHY SYS,ELECTIVE_OR_UNSPECIFIED,,SS ZG528 CYBER PHY SYS
doc,HT15 M.Tech. (Software Systems),HT15,2/2022,False,False,24,7,SAT,EV,SS ZC427,SOFTWARE FOR EMBEDDED SYSTEMS,ELECTIVE_OR_UNSPECIFIED,,SSZC427|SOFTWARE FOR EMBEDDED SYSTEMS
doc,HT15 M.Tech. (Software Systems),HT15,2/2022,False,False,24,8,SUN,EV,SS ZG537,INFORMATION RETRIEVEL,ELECTIVE_OR_UNSPECIFIED,,SS ZG537 INFORMATION RETRIEVEL
doc,HT15 M.Tech. (Software Systems),HT15,2/2022,False,False,24,8,SUN,EV,SS ZG556,STREAM PROCESSING,ELECTIVE_OR_UNSPECIFIED,,SSZG556 STREAM PROCESSING
doc,HT15 M.Tech. (Software Systems),HT15,2/2022,False,False,24,8,SUN,EV,SS ZG681,CYBER SECURITY,ELECTIVE_OR_UNSPECIFIED,,SS ZG681 CYBER SECURITY
doc,HT15 M.Tech. (Software Systems),HT15,2/2022,False,False,24,8,SUN,EV,SS ZG562,SOFTWARE ENGG & MGMT,ELECTIVE_OR_UNSPECIFIED,,SS ZG562 SOFTWARE ENGG & MGMT
doc,HT15 M.Tech. (Software Systems),HT15,2/2022,False,False,24,8,SUN,EV,SS ZC444,Artificial Intelligence,ELECTIVE_OR_UNSPECIFIED,,SS ZC444| Artificial Intelligence
doc,HT15 M.Tech. (Software Systems),HT15,2/2022,False,False,24,8,SUN,EV,SS ZC447,DATA STORAGE TECH & NETWORKS,ELECTIVE_OR_UNSPECIFIED,,SS ZC447|DATA STORAGE TECH & NETWORKS
doc,HT15 M.Tech. (Software Systems),HT15,2/2022,False,False,24,8,SUN,EV,SS ZG626,HARDWARE SOFTWARE CO-DESIGN,ELECTIVE_OR_UNSPECIFIED,,SS ZG626 HARDWARE SOFTWARE CO-DESIGN
doc,HT30 M.Tech. (Design Engineering),HT30,1/2025,True,False,,1,SAT,FN,DE ZG631,MATERIALS TECH & TESTING,CORE,,DEZG631|MATERIALS TECH & TESTING (CORE)
doc,HT30 M.Tech. (Design Engineering),HT30,1/2025,True,False,,2,SAT,AN,DE ZG535,ADVANCED ENGINEERING MATHEMATICS  ),ELECTIVE_OR_UNSPECIFIED,,DE ZG535| ADVANCED ENGINEERING MATHEMATICS )
doc,HT30 M.Tech. (Design Engineering),HT30,1/2025,True,False,,3,SUN,FN,DE ZG541,PRODUCT DESIGN,CORE,,DE ZG541|PRODUCT DESIGN (CORE)
doc,HT30 M.Tech. (Design Engineering),HT30,1/2025,True,False,,4,SUN,AN,DE ZG622,COMPUTER AIDED ANAL & DESIGN,ELECTIVE_OR_UNSPECIFIED,,DEZG622|COMPUTER AIDED ANAL & DESIGN
doc,HT30 M.Tech. (Design Engineering),HT30,2/2024,False,False,329,1,SAT,FN,DE ZG513,FINITE ELEMENT METHODS,CORE,,DE ZG513|FINITE ELEMENT METHODS (CORE)
doc,HT30 M.Tech. (Design Engineering),HT30,2/2024,False,False,329,2,SAT,AN,DE ZG611,DYNAMICS & VIBRATIONS,CORE,,DEZG611|DYNAMICS & VIBRATIONS (CORE)
doc,HT30 M.Tech. (Design Engineering),HT30,2/2024,False,False,329,3,SUN,FN,DE ZG545,ADVANCED CONTROL ENGINEEERING,ELECTIVE_OR_UNSPECIFIED,,DE ZG545 | ADVANCED CONTROL ENGINEEERING
doc,HT30 M.Tech. (Design Engineering),HT30,2/2024,False,False,329,3,SUN,FN,DE ZG641,THEORY OF ELA & PLASTICITY,ELECTIVE_OR_UNSPECIFIED,,DE ZG641|THEORY OF ELA & PLASTICITY
doc,HT30 M.Tech. (Design Engineering),HT30,2/2024,False,False,329,4,SUN,AN,DE ZG516,MECHATRONICS,ELECTIVE_OR_UNSPECIFIED,,DEZG516|MECHATRONICS
doc,HT30 M.Tech. (Design Engineering),HT30,2/2024,False,False,329,4,SUN,AN,DE ZG523,PROJECT MANAGEMENT,ELECTIVE_OR_UNSPECIFIED,,DE ZG523|PROJECT MANAGEMENT
doc,HT30 M.Tech. (Design Engineering),HT30,2/2024,False,False,329,7,SAT,EV,DE ZG561,MECHANISMS AND ROBOTICS,CORE,,DEZG561|MECHANISMS AND ROBOTICS (CORE)
doc,HT30 M.Tech. (Design Engineering),HT30,2/2024,False,False,329,8,SUN,EV,DE ZC415,INTRODUCTION TO MEMS,ELECTIVE_OR_UNSPECIFIED,,DEZC415|INTRODUCTION TO MEMS (1/2)
doc,HT30 M.Tech. (Design Engineering),HT30,2/2024,False,False,329,8,SUN,EV,DE ZG526,ADVANCED COMPOSITES,ELECTIVE_OR_UNSPECIFIED,,DEZG526|ADVANCED COMPOSITES
doc,HT30 M.Tech. (Design Engineering),HT30,2/2024,False,False,329,8,SUN,EV,DE ZG544,DESIGN FOR ADDITIVE MANU,ELECTIVE_OR_UNSPECIFIED,,DE ZG544 |DESIGN FOR ADDITIVE MANU
doc,HT30 M.Tech. (Design Engineering),HT30,1/2024,False,False,221,1,SAT,FN,DE ZG515,COMP FLUID DYNAMICS,ELECTIVE_OR_UNSPECIFIED,,DE ZG515|COMP FLUID DYNAMICS
doc,HT30 M.Tech. (Design Engineering),HT30,1/2024,False,False,221,1,SAT,FN,DE ZG546,MODEL BASED SYSTEM DESIGN,ELECTIVE_OR_UNSPECIFIED,,DE ZG546 | MODEL BASED SYSTEM DESIGN
doc,HT30 M.Tech. (Design Engineering),HT30,1/2024,False,False,221,2,SAT,AN,DE ZG663,CONCURRENT ENGINEERING,ELECTIVE_OR_UNSPECIFIED,,DEZG663|CONCURRENT ENGINEERING
doc,HT30 M.Tech. (Design Engineering),HT30,1/2024,False,False,221,3,SUN,FN,DE ZG545,ADVANCED CONTROL ENGINEEERING,ELECTIVE_OR_UNSPECIFIED,,DE ZG545 | ADVANCED CONTROL ENGINEEERING
doc,HT30 M.Tech. (Design Engineering),HT30,1/2024,False,False,221,3,SUN,FN,DE ZG641,THEORY OF ELA & PLASTICITY,ELECTIVE_OR_UNSPECIFIED,,DE ZG641|THEORY OF ELA & PLASTICITY
doc,HT30 M.Tech. (Design Engineering),HT30,1/2024,False,False,221,4,SUN,AN,DE ZG516,MECHATRONICS,ELECTIVE_OR_UNSPECIFIED,,DEZG516|MECHATRONICS
doc,HT30 M.Tech. (Design Engineering),HT30,1/2024,False,False,221,4,SUN,AN,DE ZG523,PROJECT MANAGEMENT,ELECTIVE_OR_UNSPECIFIED,,DE ZG523|PROJECT MANAGEMENT
doc,HT30 M.Tech. (Design Engineering),HT30,1/2024,False,False,221,7,SAT,EV,DE ZG525,MECHANICAL SYSTEM DESIGN,ELECTIVE_OR_UNSPECIFIED,,DEZG525|MECHANICAL SYSTEM DESIGN
doc,HT30 M.Tech. (Design Engineering),HT30,1/2024,False,False,221,7,SAT,EV,DE ZG612,ADV FINITE ELEMENT MOD & ANALY,ELECTIVE_OR_UNSPECIFIED,,DE ZG612| ADV FINITE ELEMENT MOD & ANALY
doc,HT30 M.Tech. (Design Engineering),HT30,1/2024,False,False,221,7,SAT,EV,DE ZG514,FRACTURE MECHANICS,ELECTIVE_OR_UNSPECIFIED,,DEZG514|FRACTURE MECHANICS
doc,HT30 M.Tech. (Design Engineering),HT30,1/2024,False,False,221,8,SUN,EV,DE ZC415,INTRODUCTION TO MEMS,ELECTIVE_OR_UNSPECIFIED,,DEZC415|INTRODUCTION TO MEMS
doc,HT30 M.Tech. (Design Engineering),HT30,1/2024,False,False,221,8,SUN,EV,DE ZG526,ADVANCED COMPOSITES,ELECTIVE_OR_UNSPECIFIED,,DEZG526|ADVANCED COMPOSITES
doc,HT30 M.Tech. (Design Engineering),HT30,1/2024,False,False,221,8,SUN,EV,DE ZG544,DESIGN FOR ADDITIVE MANU,ELECTIVE_OR_UNSPECIFIED,,DE ZG544 |DESIGN FOR ADDITIVE MANU
doc,HT30 M.Tech. (Design Engineering),HT30,2/2023,False,False,286,1,SAT,FN,DE ZG628T,DISSERTATION,ELECTIVE_OR_UNSPECIFIED,,DEZG628T|DISSERTATION
doc,HT56 M.Tech. (Digital Manufacturing) New Revised Structure,HT56,1/2025,True,False,,1,SAT,FN,DM ZG631,ADDITIVE MANUFACTURING PROCESS,CORE,,DMZG631|ADDITIVE MANUFACTURING PROCESS (CORE)
doc,HT56 M.Tech. (Digital Manufacturing) New Revised Structure,HT56,1/2025,True,False,,3,SUN,FN,DM ZG612,"ADVANCES IN MATERIAL, COMPOSITES & PLASTICS",CORE,,"DMZG612|ADVANCES IN MATERIAL, COMPOSITES & PLASTICS (CORE)"
doc,HT56 M.Tech. (Digital Manufacturing) New Revised Structure,HT56,1/2025,True,False,,4,SUN,AN,DM ZG511,MECHATRONICS,CORE,,DMZG511|MECHATRONICS (CORE)
doc,HT56 M.Tech. (Digital Manufacturing) New Revised Structure,HT56,1/2025,True,False,,7,SAT,EV,DM ZC472,PRECISION ENGINEERING,CORE,,DMZC472|PRECISION ENGINEERING (CORE)
doc,HT56 M.Tech. (Digital Manufacturing) New Revised Structure,HT56,2/2024,False,False,69,1,SAT,FN,DM ZG531,HIGH PRECISION MANUFACTURING,CORE,,DMZG531|HIGH PRECISION MANUFACTURING (CORE)
doc,HT56 M.Tech. (Digital Manufacturing) New Revised Structure,HT56,2/2024,False,False,69,2,SAT,AN,DM ZG622,INDUSTRIAL IOT,CORE,,DMZG622|INDUSTRIAL IOT (CORE)
doc,HT56 M.Tech. (Digital Manufacturing) New Revised Structure,HT56,2/2024,False,False,69,3,SUN,FN,DM ZG512,EMBEDDED SYSTEM DESIGN,ELECTIVE_OR_UNSPECIFIED,,DMZG512|EMBEDDED SYSTEM DESIGN
doc,HT56 M.Tech. (Digital Manufacturing) New Revised Structure,HT56,2/2024,False,False,69,3,SUN,FN,DM ZG541,PRODUCT DESIGN,ELECTIVE_OR_UNSPECIFIED,,DMZG541|PRODUCT DESIGN
doc,HT56 M.Tech. (Digital Manufacturing) New Revised Structure,HT56,2/2024,False,False,69,4,SUN,AN,DM ZG533,MANUFACTURING PLANNING & CONTR,ELECTIVE_OR_UNSPECIFIED,,DMZG533|MANUFACTURING PLANNING & CONTR
doc,HT56 M.Tech. (Digital Manufacturing) New Revised Structure,HT56,2/2024,False,False,69,7,SAT,EV,DM ZC412,FLEXIBLE MANUFACTURING SYSTEM,ELECTIVE_OR_UNSPECIFIED,,DM ZC412|FLEXIBLE MANUFACTURING SYSTEM
doc,HT56 M.Tech. (Digital Manufacturing) New Revised Structure,HT56,2/2024,False,False,69,7,SAT,EV,DM ZG561,MECHANISMS AND ROBOTICS,ELECTIVE_OR_UNSPECIFIED,,DMZG561|MECHANISMS AND ROBOTICS
doc,HT56 M.Tech. (Digital Manufacturing) New Revised Structure,HT56,2/2024,False,False,69,8,SUN,EV,DM ZG521,DESIGN FOR ADDITIVE MANU,CORE,,DMZG521|DESIGN FOR ADDITIVE MANU (CORE)
doc,HT56 M.Tech. (Digital Manufacturing) New Revised Structure,HT56,1/2024,False,False,34,1,SAT,FN,DM ZG534,SUSTAINABLE MANUFACTURING,ELECTIVE_OR_UNSPECIFIED,,DMZG534|SUSTAINABLE MANUFACTURING
doc,HT56 M.Tech. (Digital Manufacturing) New Revised Structure,HT56,1/2024,False,False,34,2,SAT,AN,DM ZG532,BIG DATA ANALYTICS IN MANUFACTURING,ELECTIVE_OR_UNSPECIFIED,,DMZG532|BIG DATA ANALYTICS IN MANUFACTURING
doc,HT56 M.Tech. (Digital Manufacturing) New Revised Structure,HT56,1/2024,False,False,34,3,SUN,FN,DM ZG512,EMBEDDED SYSTEM DESIGN,ELECTIVE_OR_UNSPECIFIED,,DMZG512|EMBEDDED SYSTEM DESIGN
doc,HT56 M.Tech. (Digital Manufacturing) New Revised Structure,HT56,1/2024,False,False,34,3,SUN,FN,DM ZG541,PRODUCT DESIGN,ELECTIVE_OR_UNSPECIFIED,,DMZG541|PRODUCT DESIGN
doc,HT56 M.Tech. (Digital Manufacturing) New Revised Structure,HT56,1/2024,False,False,34,4,SUN,AN,DM ZG533,MANUFACTURING PLANNING & CONTR,ELECTIVE_OR_UNSPECIFIED,,DMZG533|MANUFACTURING PLANNING & CONTR
doc,HT56 M.Tech. (Digital Manufacturing) New Revised Structure,HT56,1/2024,False,False,34,7,SAT,EV,DM ZC412,FLEXIBLE MANUFACTURING SYSTEM,ELECTIVE_OR_UNSPECIFIED,,DM ZC412|FLEXIBLE MANUFACTURING SYSTEM
doc,HT56 M.Tech. (Digital Manufacturing) New Revised Structure,HT56,1/2024,False,False,34,7,SAT,EV,DM ZG561,MECHANISMS AND ROBOTICS,ELECTIVE_OR_UNSPECIFIED,,DMZG561|MECHANISMS AND ROBOTICS
doc,HT56 M.Tech. (Digital Manufacturing) New Revised Structure,HT56,1/2024,False,False,34,8,SUN,EV,DM ZG521,DESIGN FOR ADDITIVE MANU,ELECTIVE_OR_UNSPECIFIED,,DMZG521|DESIGN FOR ADDITIVE MANU
doc,HT56 M.Tech. (Digital Manufacturing) New Revised Structure,HT56,1/2024,False,False,34,8,SUN,EV,DM ZG535,CYBER SECURITY IN MANUFACTURING,ELECTIVE_OR_UNSPECIFIED,,DMZG535|CYBER SECURITY IN MANUFACTURING
doc,HT56 M.Tech. (Digital Manufacturing) New Revised Structure,HT56,2/2023,False,False,69,1,SAT,FN,DM ZG628T,DISSERTATION,ELECTIVE_OR_UNSPECIFIED,,DMZG628T|DISSERTATION
doc,HT65 M.Tech. (Automotive Electronics),HT65,1/2025,True,False,,1,SAT,FN,AEL ZC441,AUTOMOTIVE VEHICLES,CORE,,AELZC441|AUTOMOTIVE VEHICLES (CORE)
doc,HT65 M.Tech. (Automotive Electronics),HT65,1/2025,True,False,,2,SAT,AN,AEL ZG513,AUTOMOTIVE COMM SYSTEMS,CORE,,AELZG513|AUTOMOTIVE COMM SYSTEMS (CORE)
doc,HT65 M.Tech. (Automotive Electronics),HT65,1/2025,True,False,,3,SUN,FN,AEL ZG512,EMBEDDED SYSTEM DESIGN,CORE,,AELZG512|EMBEDDED SYSTEM DESIGN (CORE)
doc,HT65 M.Tech. (Automotive Electronics),HT65,1/2025,True,False,,4,SUN,AN,AEL ZG533,AUTOTRONICS,CORE,,AELZG533|AUTOTRONICS (CORE)
doc,HT65 M.Tech. (Automotive Electronics),HT65,2/2024,False,False,242,1,SAT,FN,AEL ZG510,AUTOMOTIVE CONTROL SYSTEMS,CORE,,AELZG510|AUTOMOTIVE CONTROL SYSTEMS (CORE)
doc,HT65 M.Tech. (Automotive Electronics),HT65,2/2024,False,False,242,2,SAT,AN,AEL ZG554,RECONFIGURABLE COMPUTING,ELECTIVE_OR_UNSPECIFIED,,AELZG554|RECONFIGURABLE COMPUTING
doc,HT65 M.Tech. (Automotive Electronics),HT65,2/2024,False,False,242,2,SAT,AN,AEL ZG621,SAFETY CRITICAL ADV AUT SYSTEM,ELECTIVE_OR_UNSPECIFIED,,AEL ZG621|SAFETY CRITICAL ADV AUT SYSTEM
doc,HT65 M.Tech. (Automotive Electronics),HT65,2/2024,False,False,242,3,SUN,FN,AEL ZG534,AUTOMOTIVE NETWORKING,CORE,,AELZG534|AUTOMOTIVE NETWORKING (CORE)
doc,HT65 M.Tech. (Automotive Electronics),HT65,2/2024,False,False,242,4,SUN,AN,AEL ZG557,ARTIFICIAL AND COMPUTATIONAL INTELLIGENCE,ELECTIVE_OR_UNSPECIFIED,,AEL ZG557 | ARTIFICIAL AND COMPUTATIONAL INTELLIGENCE
doc,HT65 M.Tech. (Automotive Electronics),HT65,2/2024,False,False,242,4,SUN,AN,AEL ZG631,AUTOMOTIVE DIAGNOSTICS & INTER,ELECTIVE_OR_UNSPECIFIED,,AELZG631|AUTOMOTIVE DIAGNOSTICS & INTER
doc,HT65 M.Tech. (Automotive Electronics),HT65,2/2024,False,False,242,7,SAT,EV,AEL ZG519,AUTOMOTIVE SECURITY,ELECTIVE_OR_UNSPECIFIED,,AELZG519|AUTOMOTIVE SECURITY
doc,HT65 M.Tech. (Automotive Electronics),HT65,2/2024,False,False,242,8,SUN,EV,AEL ZC442,ADVANCED DRIVER ASSISTANCE SYSTEMS,CORE,,AELZC442|ADVANCED DRIVER ASSISTANCE SYSTEMS (CORE)
doc,HT65 M.Tech. (Automotive Electronics),HT65,1/2024,False,False,204,1,SAT,FN,AEL ZG517,AUTOMOTIVE SYSTEMS ENGINEERING,ELECTIVE_OR_UNSPECIFIED,,AELZG517|AUTOMOTIVE SYSTEMS ENGINEERING
doc,HT65 M.Tech. (Automotive Electronics),HT65,1/2024,False,False,204,1,SAT,FN,AEL ZG518,ELECTRIC & HYBRID VEHICLES,ELECTIVE_OR_UNSPECIFIED,,AEL ZG518|ELECTRIC & HYBRID VEHICLES
doc,HT65 M.Tech. (Automotive Electronics),HT65,1/2024,False,False,204,2,SAT,AN,AEL ZG554,RECONFIGURABLE COMPUTING,ELECTIVE_OR_UNSPECIFIED,,AELZG554|RECONFIGURABLE COMPUTING
doc,HT65 M.Tech. (Automotive Electronics),HT65,1/2024,False,False,204,2,SAT,AN,AEL ZG621,SAFETY CRITICAL ADV AUT SYSTEM,ELECTIVE_OR_UNSPECIFIED,,AEL ZG621|SAFETY CRITICAL ADV AUT SYSTEM
doc,HT65 M.Tech. (Automotive Electronics),HT65,1/2024,False,False,204,3,SUN,FN,AEL ZG531,PRODUCT DESIGN,ELECTIVE_OR_UNSPECIFIED,,AELZG531|PRODUCT DESIGN
doc,HT65 M.Tech. (Automotive Electronics),HT65,1/2024,False,False,204,4,SUN,AN,AEL ZG557,ARTIFICIAL AND COMPUTATIONAL INTELLIGENCE,ELECTIVE_OR_UNSPECIFIED,,AEL ZG557 | ARTIFICIAL AND COMPUTATIONAL INTELLIGENCE
doc,HT65 M.Tech. (Automotive Electronics),HT65,1/2024,False,False,204,4,SUN,AN,AEL ZG631,AUTOMOTIVE DIAGNOSTICS & INTER,ELECTIVE_OR_UNSPECIFIED,,AELZG631|AUTOMOTIVE DIAGNOSTICS & INTER
doc,HT65 M.Tech. (Automotive Electronics),HT65,1/2024,False,False,204,7,SAT,EV,AEL ZG519,AUTOMOTIVE SECURITY,ELECTIVE_OR_UNSPECIFIED,,AELZG519|AUTOMOTIVE SECURITY (1/2)
doc,HT65 M.Tech. (Automotive Electronics),HT65,1/2024,False,False,204,8,SUN,EV,AEL ZG626,HARDWARE SOFTWARE CO-DESIGN,ELECTIVE_OR_UNSPECIFIED,,AELZG626|HARDWARE SOFTWARE CO-DESIGN
doc,HT65 M.Tech. (Automotive Electronics),HT65,1/2024,False,False,204,8,SUN,EV,AEL ZG521,POWER ELEC & DRIVES,ELECTIVE_OR_UNSPECIFIED,,AEL ZG521: POWER ELEC & DRIVES
doc,HT65 M.Tech. (Automotive Electronics),HT65,2/2023,False,False,269,1,SAT,FN,AEL ZG628T,DISSERTATION,ELECTIVE_OR_UNSPECIFIED,,AELZG628T|DISSERTATION
doc,HT66 M.Tech. (Computing Systems & Infrastructure),HT66,1/2025,True,False,,1,SAT,FN,CSI ZG656,NETWORK EMBEDDED APPLICATIONS,ELECTIVE_OR_UNSPECIFIED,,CSIZG656|NETWORK EMBEDDED APPLICATIONS
doc,HT66 M.Tech. (Computing Systems & Infrastructure),HT66,1/2025,True,False,,2,SAT,AN,CSI ZG513,NETWORK SECURITY,CORE,,CSIZG513|NETWORK SECURITY (CORE)
doc,HT66 M.Tech. (Computing Systems & Infrastructure),HT66,1/2025,True,False,,3,SUN,FN,CSI ZG520,WIRELESS & MOBILE COMMUNICATION,ELECTIVE_OR_UNSPECIFIED,,CSI ZG520|WIRELESS & MOBILE COMMUNICATION
doc,HT66 M.Tech. (Computing Systems & Infrastructure),HT66,1/2025,True,False,,3,SUN,FN,CSI ZG532,INTRODUCTION TO DATA SCIENCE,ELECTIVE_OR_UNSPECIFIED,,CSIZG532|INTRODUCTION TO DATA SCIENCE
doc,HT66 M.Tech. (Computing Systems & Infrastructure),HT66,1/2025,True,False,,3,SUN,FN,CSI ZG582,TELECOM NETWORK MANAGEMENT,ELECTIVE_OR_UNSPECIFIED,,CSI ZG582|TELECOM NETWORK MANAGEMENT
doc,HT66 M.Tech. (Computing Systems & Infrastructure),HT66,1/2025,True,False,,4,SUN,AN,CSI ZG527,CLOUD COMPUTING,CORE,,CSI ZG527|CLOUD COMPUTING (CORE)
doc,HT66 M.Tech. (Computing Systems & Infrastructure),HT66,1/2025,True,False,,7,SAT,EV,CSI ZG528,CYBER PHYSICAL SYSTEMS,ELECTIVE_OR_UNSPECIFIED,,CSI ZG528|CYBER PHYSICAL SYSTEMS
doc,HT66 M.Tech. (Computing Systems & Infrastructure),HT66,1/2025,True,False,,8,SUN,EV,CSI ZG514,INTRODUCTION TO DEVOPS,ELECTIVE_OR_UNSPECIFIED,,CSIZG514|INTRODUCTION TO DEVOPS
doc,HT66 M.Tech. (Computing Systems & Infrastructure),HT66,1/2025,True,False,,8,SUN,EV,CSI ZC447,DATA STORAGE TECH & NETWORKS,ELECTIVE_OR_UNSPECIFIED,,CSI ZC447|DATA STORAGE TECH & NETWORKS
doc,HT66 M.Tech. (Computing Systems & Infrastructure),HT66,1/2025,True,False,,8,SUN,EV,CSI ZG533,SERVICE ORIENTED COMPUTING,ELECTIVE_OR_UNSPECIFIED,,CSI ZG533 SERVICE ORIENTED COMPUTING
doc,HT66 M.Tech. (Computing Systems & Infrastructure),HT66,2/2024,False,False,56,1,SAT,FN,CSI ZG538,INFRASTRUCTURE MANAGEMENT,CORE,,CSIZG538|INFRASTRUCTURE MANAGEMENT (CORE)
doc,HT66 M.Tech. (Computing Systems & Infrastructure),HT66,2/2024,False,False,56,2,SAT,AN,CSI ZG524,MIDDLEWARE TECHNOLOGIES,CORE,,CSIZG524|MIDDLEWARE TECHNOLOGIES (CORE)
doc,HT66 M.Tech. (Computing Systems & Infrastructure),HT66,2/2024,False,False,56,3,SUN,FN,CSI ZG520,WIRELESS & MOBILE COMMUNICATION,ELECTIVE_OR_UNSPECIFIED,,CSI ZG520|WIRELESS & MOBILE COMMUNICATION
doc,HT66 M.Tech. (Computing Systems & Infrastructure),HT66,2/2024,False,False,56,3,SUN,FN,CSI ZG532,INTRODUCTION TO DATA SCIENCE,ELECTIVE_OR_UNSPECIFIED,,CSIZG532|INTRODUCTION TO DATA SCIENCE
doc,HT66 M.Tech. (Computing Systems & Infrastructure),HT66,2/2024,False,False,56,3,SUN,FN,CSI ZG582,TELECOM NETWORK MANAGEMENT,ELECTIVE_OR_UNSPECIFIED,,CSI ZG582|TELECOM NETWORK MANAGEMENT
doc,HT66 M.Tech. (Computing Systems & Infrastructure),HT66,2/2024,False,False,56,4,SUN,AN,CSI ZG518,DATABASE DESIGN & APPLICATIONS,ELECTIVE_OR_UNSPECIFIED,,CSIZG518|DATABASE DESIGN & APPLICATIONS
doc,HT66 M.Tech. (Computing Systems & Infrastructure),HT66,2/2024,False,False,56,4,SUN,AN,CSI ZC462,NETWORK PROGRAMMING,ELECTIVE_OR_UNSPECIFIED,,CSIZC462|NETWORK PROGRAMMING
doc,HT66 M.Tech. (Computing Systems & Infrastructure),HT66,2/2024,False,False,56,7,SAT,EV,CSI ZG528,CYBER PHYSICAL SYSTEMS,ELECTIVE_OR_UNSPECIFIED,,CSI ZG528|CYBER PHYSICAL SYSTEMS 504969|
doc,HT66 M.Tech. (Computing Systems & Infrastructure),HT66,2/2024,False,False,56,7,SAT,EV,CSI ZG515,DATA WAREHOUSING,ELECTIVE_OR_UNSPECIFIED,,CSI ZG515|DATA WAREHOUSING
doc,HT66 M.Tech. (Computing Systems & Infrastructure),HT66,2/2024,False,False,56,7,SAT,EV,CSI ZG511,IT INFRA PROJECTS & PROCESSES,ELECTIVE_OR_UNSPECIFIED,,CSI ZG511 IT INFRA PROJECTS & PROCESSES
doc,HT66 M.Tech. (Computing Systems & Infrastructure),HT66,2/2024,False,False,56,8,SUN,EV,CSI ZG514,INTRODUCTION TO DEVOPS,ELECTIVE_OR_UNSPECIFIED,,CSIZG514|INTRODUCTION TO DEVOPS
doc,HT66 M.Tech. (Computing Systems & Infrastructure),HT66,2/2024,False,False,56,8,SUN,EV,CSI ZC447,DATA STORAGE TECH & NETWORKS,ELECTIVE_OR_UNSPECIFIED,,CSI ZC447|DATA STORAGE TECH & NETWORKS
doc,HT66 M.Tech. (Computing Systems & Infrastructure),HT66,2/2024,False,False,56,8,SUN,EV,CSI ZG533,SERVICE ORIENTED COMPUTING,ELECTIVE_OR_UNSPECIFIED,,CSI ZG533 SERVICE ORIENTED COMPUTING
doc,HT66 M.Tech. (Computing Systems & Infrastructure),HT66,1/2024,False,False,46,1,SAT,FN,CSI ZG522,DESIGN & OPER OF DATA CENTERS,CORE,,CSI ZG522|DESIGN & OPER OF DATA CENTERS (CORE)
doc,HT66 M.Tech. (Computing Systems & Infrastructure),HT66,1/2024,False,False,46,2,SAT,AN,CSI ZG525,ADVANCED COMPUTER NETWORKS,CORE,,CSI ZG525|ADVANCED COMPUTER NETWORKS (CORE)
doc,HT66 M.Tech. (Computing Systems & Infrastructure),HT66,1/2024,False,False,46,3,SUN,FN,CSI ZG520,WIRELESS & MOBILE COMMUNICATION,ELECTIVE_OR_UNSPECIFIED,,CSI ZG520|WIRELESS & MOBILE COMMUNICATION
doc,HT66 M.Tech. (Computing Systems & Infrastructure),HT66,1/2024,False,False,46,3,SUN,FN,CSI ZG532,INTRODUCTION TO DATA SCIENCE,ELECTIVE_OR_UNSPECIFIED,,CSIZG532|INTRODUCTION TO DATA SCIENCE
doc,HT66 M.Tech. (Computing Systems & Infrastructure),HT66,1/2024,False,False,46,3,SUN,FN,CSI ZG582,TELECOM NETWORK MANAGEMENT,ELECTIVE_OR_UNSPECIFIED,,CSI ZG582|TELECOM NETWORK MANAGEMENT
doc,HT66 M.Tech. (Computing Systems & Infrastructure),HT66,1/2024,False,False,46,4,SUN,AN,CSI ZG518,DATABASE DESIGN & APPLICATIONS,ELECTIVE_OR_UNSPECIFIED,,CSIZG518|DATABASE DESIGN & APPLICATIONS
doc,HT66 M.Tech. (Computing Systems & Infrastructure),HT66,1/2024,False,False,46,4,SUN,AN,CSI ZC462,NETWORK PROGRAMMING,ELECTIVE_OR_UNSPECIFIED,,CSIZC462|NETWORK PROGRAMMING
doc,HT66 M.Tech. (Computing Systems & Infrastructure),HT66,1/2024,False,False,46,7,SAT,EV,CSI ZG528,CYBER PHYSICAL SYSTEMS,ELECTIVE_OR_UNSPECIFIED,,CSI ZG528|CYBER PHYSICAL SYSTEMS
doc,HT66 M.Tech. (Computing Systems & Infrastructure),HT66,1/2024,False,False,46,7,SAT,EV,CSI ZG515,DATA WAREHOUSING,ELECTIVE_OR_UNSPECIFIED,,CSI ZG515|DATA WAREHOUSING
doc,HT66 M.Tech. (Computing Systems & Infrastructure),HT66,1/2024,False,False,46,7,SAT,EV,CSI ZG511,IT INFRA PROJECTS & PROCESSES,ELECTIVE_OR_UNSPECIFIED,,CSI ZG511 IT INFRA PROJECTS & PROCESSES
doc,HT66 M.Tech. (Computing Systems & Infrastructure),HT66,1/2024,False,False,46,8,SUN,EV,CSI ZG514,INTRODUCTION TO DEVOPS,ELECTIVE_OR_UNSPECIFIED,,CSIZG514|INTRODUCTION TO DEVOPS
doc,HT66 M.Tech. (Computing Systems & Infrastructure),HT66,1/2024,False,False,46,8,SUN,EV,CSI ZC447,DATA STORAGE TECH & NETWORKS,ELECTIVE_OR_UNSPECIFIED,,CSI ZC447|DATA STORAGE TECH & NETWORKS
doc,HT66 M.Tech. (Computing Systems & Infrastructure),HT66,1/2024,False,False,46,8,SUN,EV,CSI ZG533,SERVICE ORIENTED COMPUTING,ELECTIVE_OR_UNSPECIFIED,,CSI ZG533 SERVICE ORIENTED COMPUTING
doc,HT66 M.Tech. (Computing Systems & Infrastructure),HT66,2/2023,False,False,43,1,SAT,FN,CSI ZG628T,DISSERTATION,ELECTIVE_OR_UNSPECIFIED,,CSIZG628T|DISSERTATION
doc,HT74 M.Tech. (Quality Management),HT74,1/2025,True,False,,1,SAT,FN,QM ZG532,TOTAL QUALITY MANAGEMENT,CORE,,QM ZG532|TOTAL QUALITY MANAGEMENT (CORE)
doc,HT74 M.Tech. (Quality Management),HT74,1/2025,True,False,,2,SAT,AN,QM ZG515,QUANTITATIVE METHODS,CORE,,QMZG515|QUANTITATIVE METHODS (CORE)
doc,HT74 M.Tech. (Quality Management),HT74,1/2025,True,False,,4,SUN,AN,QM ZG528,RELIABILITY ENGINEERING,CORE,,QMZG528|RELIABILITY ENGINEERING (CORE)
doc,HT74 M.Tech. (Quality Management),HT74,1/2025,True,False,,8,SUN,EV,QM ZG526,OPERATIONS MANAGEMENT,CORE,,QMZG526|OPERATIONS MANAGEMENT (CORE)
doc,HT74 M.Tech. (Quality Management),HT74,2/2024,False,False,80,1,SAT,FN,QM ZC441,HUMAN RESOURCE MANAGEMENT,ELECTIVE_OR_UNSPECIFIED,,QM ZC441|HUMAN RESOURCE MANAGEMENT
doc,HT74 M.Tech. (Quality Management),HT74,2/2024,False,False,80,1,SAT,FN,QM ZG536,DESIGN OF EXPERIMENTS,ELECTIVE_OR_UNSPECIFIED,,QM ZG536|DESIGN OF EXPERIMENTS
doc,HT74 M.Tech. (Quality Management),HT74,2/2024,False,False,80,2,SAT,AN,QM ZG531,STATISTICAL QUALITY CONTROL,CORE,,QMZG531|STATISTICAL QUALITY CONTROL (CORE)
doc,HT74 M.Tech. (Quality Management),HT74,2/2024,False,False,80,3,SUN,FN,QM ZG524,QUALITY MANAGEMENT SYSTEMS,CORE,,QM ZG524|QUALITY MANAGEMENT SYSTEMS (CORE)
doc,HT74 M.Tech. (Quality Management),HT74,2/2024,False,False,80,4,SUN,AN,QM ZG523,PROJECT MANAGEMENT,CORE,,QM ZG523|PROJECT MANAGEMENT (CORE)
doc,HT74 M.Tech. (Quality Management),HT74,2/2024,False,False,80,7,SAT,EV,QM ZG662,SOFTWARE QUALITY MANAGEMENT,ELECTIVE_OR_UNSPECIFIED,,QMZG662|SOFTWARE QUALITY MANAGEMENT
doc,HT74 M.Tech. (Quality Management),HT74,2/2024,False,False,80,7,SAT,EV,QM ZC472,PRECISION ENGINEERING,ELECTIVE_OR_UNSPECIFIED,,QMZC472|PRECISION ENGINEERING
doc,HT74 M.Tech. (Quality Management),HT74,2/2024,False,False,80,8,SUN,EV,QM ZG535,DECISION ANALYSIS,ELECTIVE_OR_UNSPECIFIED,,QMZG535|DECISION ANALYSIS
doc,HT74 M.Tech. (Quality Management),HT74,2/2024,False,False,80,8,SUN,EV,QM ZG539,SIX SIGMA,ELECTIVE_OR_UNSPECIFIED,,QM ZG539|SIX SIGMA
doc,HT74 M.Tech. (Quality Management),HT74,1/2024,False,False,71,1,SAT,FN,QM ZC441,HUMAN RESOURCE MANAGEMENT,ELECTIVE_OR_UNSPECIFIED,,QM ZC441|HUMAN RESOURCE MANAGEMENT
doc,HT74 M.Tech. (Quality Management),HT74,1/2024,False,False,71,1,SAT,FN,QM ZG536,DESIGN OF EXPERIMENTS,ELECTIVE_OR_UNSPECIFIED,,QM ZG536|DESIGN OF EXPERIMENTS
doc,HT74 M.Tech. (Quality Management),HT74,1/2024,False,False,71,2,SAT,AN,QM ZG514,LEADERSHIP & MANAGING CHANGE,ELECTIVE_OR_UNSPECIFIED,,QMZG514|LEADERSHIP & MANAGING CHANGE
doc,HT74 M.Tech. (Quality Management),HT74,1/2024,False,False,71,2,SAT,AN,QM ZG663,CONCURRENT ENGINEERING,ELECTIVE_OR_UNSPECIFIED,,QMZG663|CONCURRENT ENGINEERING
doc,HT74 M.Tech. (Quality Management),HT74,1/2024,False,False,71,3,SUN,FN,QM ZG621,SUPPLY CHAIN MANAGEMENT,ELECTIVE_OR_UNSPECIFIED,,QM ZG621|SUPPLY CHAIN MANAGEMENT
doc,HT74 M.Tech. (Quality Management),HT74,1/2024,False,False,71,4,SUN,AN,QM ZG611,STRATEGIC MANAGEMENT & BUSINESS POLICY,ELECTIVE_OR_UNSPECIFIED,,QM ZG611| STRATEGIC MANAGEMENT & BUSINESS POLICY
doc,HT74 M.Tech. (Quality Management),HT74,1/2024,False,False,71,7,SAT,EV,QM ZG662,SOFTWARE QUALITY MANAGEMENT,ELECTIVE_OR_UNSPECIFIED,,QMZG662|SOFTWARE QUALITY MANAGEMENT
doc,HT74 M.Tech. (Quality Management),HT74,1/2024,False,False,71,7,SAT,EV,QM ZC472,PRECISION ENGINEERING,ELECTIVE_OR_UNSPECIFIED,,QMZC472|PRECISION ENGINEERING
doc,HT74 M.Tech. (Quality Management),HT74,1/2024,False,False,71,8,SUN,EV,QM ZG535,DECISION ANALYSIS,ELECTIVE_OR_UNSPECIFIED,,QMZG535|DECISION ANALYSIS
doc,HT74 M.Tech. (Quality Management),HT74,1/2024,False,False,71,8,SUN,EV,QM ZG539,SIX SIGMA,ELECTIVE_OR_UNSPECIFIED,,QM ZG539|SIX SIGMA
doc,HT74 M.Tech. (Quality Management),HT74,2/2023,False,False,89,1,SAT,FN,QM ZG628T,DISSERTATION,ELECTIVE_OR_UNSPECIFIED,,QMZG628T|DISSERTATION
doc,HT79 M.Tech. (Manufacturing Management),HT79,1/2025,False,False,,1,SAT,FN,MM ZG522,TOTAL QUALITY MANAGEMENT,CORE,,MM ZG522|TOTAL QUALITY MANAGEMENT (CORE)
doc,HT79 M.Tech. (Manufacturing Management),HT79,1/2025,False,False,,2,SAT,AN,MM ZG515,QUANTITATIVE METHODS,CORE,,MMZG515|QUANTITATIVE METHODS (CORE)
doc,HT79 M.Tech. (Manufacturing Management),HT79,1/2025,False,False,,3,SUN,FN,MM ZG541,PRODUCT DESIGN,CORE,,MMZG541|PRODUCT DESIGN (CORE)
doc,HT79 M.Tech. (Manufacturing Management),HT79,1/2025,False,False,,4,SUN,AN,MM ZG533,MANUFACTURING PLANNING & CONT,CORE,,MMZG533|MANUFACTURING PLANNING & CONT (CORE)
doc,HT79 M.Tech. (Manufacturing Management),HT79,2/2024,False,False,87,1,SAT,FN,MM ZC441,HUMAN RESOURCE MANAGEMENT,ELECTIVE_OR_UNSPECIFIED,,MMZC441|HUMAN RESOURCE MANAGEMENT
doc,HT79 M.Tech. (Manufacturing Management),HT79,2/2024,False,False,87,1,SAT,FN,MM ZG534,SUSTAINABLE MANUFACTURING,ELECTIVE_OR_UNSPECIFIED,,MMZG534|SUSTAINABLE MANUFACTURING
doc,HT79 M.Tech. (Manufacturing Management),HT79,2/2024,False,False,87,2,SAT,AN,MM ZG537,LEAN MANUFACTURING,CORE,,MM ZG537|LEAN MANUFACTURING (CORE)
doc,HT79 M.Tech. (Manufacturing Management),HT79,2/2024,False,False,87,3,SUN,FN,MM ZG621,SUPPLY CHAIN MANAGEMENT,CORE,,MMZG621|SUPPLY CHAIN MANAGEMENT (CORE)
doc,HT79 M.Tech. (Manufacturing Management),HT79,2/2024,False,False,87,4,SUN,AN,MM ZG523,PROJECT MANAGEMENT,CORE,,MMZG523|PROJECT MANAGEMENT (CORE)
doc,HT79 M.Tech. (Manufacturing Management),HT79,2/2024,False,False,87,7,SAT,EV,MM ZC412,FLEXIBLE MANUFACTURING SYSTEM,ELECTIVE_OR_UNSPECIFIED,,MMZC412|FLEXIBLE MANUFACTURING SYSTEM
doc,HT79 M.Tech. (Manufacturing Management),HT79,2/2024,False,False,87,7,SAT,EV,MM ZC472,PRECISION ENGINEERING,ELECTIVE_OR_UNSPECIFIED,,MMZC472|PRECISION ENGINEERING
doc,HT79 M.Tech. (Manufacturing Management),HT79,2/2024,False,False,87,7,SAT,EV,MM ZC449,IoT IN MANUFACTURING,ELECTIVE_OR_UNSPECIFIED,,MM ZC449|IoT IN MANUFACTURING
doc,HT79 M.Tech. (Manufacturing Management),HT79,2/2024,False,False,87,8,SUN,EV,MM ZG512,MANUFACTURING STRATEGY,ELECTIVE_OR_UNSPECIFIED,,MMZG512|MANUFACTURING STRATEGY
doc,HT79 M.Tech. (Manufacturing Management),HT79,2/2024,False,False,87,8,SUN,EV,MM ZG627,MANAGERIAL CORPORATE FINANCE,ELECTIVE_OR_UNSPECIFIED,,MMZG627|MANAGERIAL CORPORATE FINANCE
doc,HT79 M.Tech. (Manufacturing Management),HT79,2/2024,False,False,87,8,SUN,EV,MM ZG535,DECISION ANALYSIS,ELECTIVE_OR_UNSPECIFIED,,MMZG535|DECISION ANALYSIS
doc,HT79 M.Tech. (Manufacturing Management),HT79,2/2024,False,False,87,8,SUN,EV,MM ZG539,SIX SIGMA,ELECTIVE_OR_UNSPECIFIED,,MM ZG539|SIX SIGMA
doc,HT79 M.Tech. (Manufacturing Management),HT79,1/2024,False,False,60,1,SAT,FN,MM ZC441,HUMAN RESOURCE MANAGEMENT,ELECTIVE_OR_UNSPECIFIED,,MMZC441|HUMAN RESOURCE MANAGEMENT
doc,HT79 M.Tech. (Manufacturing Management),HT79,1/2024,False,False,60,1,SAT,FN,MM ZG534,SUSTAINABLE MANUFACTURING,ELECTIVE_OR_UNSPECIFIED,,MMZG534|SUSTAINABLE MANUFACTURING
doc,HT79 M.Tech. (Manufacturing Management),HT79,1/2024,False,False,60,2,SAT,AN,MM ZG514,LEADERSHIP & MANAGING CHANGE,ELECTIVE_OR_UNSPECIFIED,,MMZG514|LEADERSHIP & MANAGING CHANGE
doc,HT79 M.Tech. (Manufacturing Management),HT79,1/2024,False,False,60,4,SUN,AN,MM ZC448,ADDITIVE MANUFACTURING,ELECTIVE_OR_UNSPECIFIED,,MMZC448|ADDITIVE MANUFACTURING
doc,HT79 M.Tech. (Manufacturing Management),HT79,1/2024,False,False,60,4,SUN,AN,MM ZG611,STRATEGIC MANAGEMENT & BUSINESS POLICY,ELECTIVE_OR_UNSPECIFIED,,MM ZG611| STRATEGIC MANAGEMENT & BUSINESS POLICY
doc,HT79 M.Tech. (Manufacturing Management),HT79,1/2024,False,False,60,7,SAT,EV,MM ZC412,FLEXIBLE MANUFACTURING SYSTEM,ELECTIVE_OR_UNSPECIFIED,,MMZC412|FLEXIBLE MANUFACTURING SYSTEM
doc,HT79 M.Tech. (Manufacturing Management),HT79,1/2024,False,False,60,7,SAT,EV,MM ZC472,PRECISION ENGINEERING,ELECTIVE_OR_UNSPECIFIED,,MMZC472|PRECISION ENGINEERING
doc,HT79 M.Tech. (Manufacturing Management),HT79,1/2024,False,False,60,7,SAT,EV,MM ZC449,IoT IN MANUFACTURING,ELECTIVE_OR_UNSPECIFIED,,MM ZC449|IoT IN MANUFACTURING
doc,HT79 M.Tech. (Manufacturing Management),HT79,1/2024,False,False,60,8,SUN,EV,MM ZG512,MANUFACTURING STRATEGY,ELECTIVE_OR_UNSPECIFIED,,MMZG512|MANUFACTURING STRATEGY
doc,HT79 M.Tech. (Manufacturing Management),HT79,1/2024,False,False,60,8,SUN,EV,MM ZG627,MANAGERIAL CORPORATE FINANCE,ELECTIVE_OR_UNSPECIFIED,,MMZG627|MANAGERIAL CORPORATE FINANCE
doc,HT79 M.Tech. (Manufacturing Management),HT79,1/2024,False,False,60,8,SUN,EV,MM ZG535,DECISION ANALYSIS,ELECTIVE_OR_UNSPECIFIED,,MMZG535|DECISION ANALYSIS
doc,HT79 M.Tech. (Manufacturing Management),HT79,1/2024,False,False,60,8,SUN,EV,MM ZG539,SIX SIGMA,ELECTIVE_OR_UNSPECIFIED,,MM ZG539|SIX SIGMA
doc,HT79 M.Tech. (Manufacturing Management),HT79,2/2023,False,False,90,1,SAT,FN,MM ZG628T,DISSERTATION,ELECTIVE_OR_UNSPECIFIED,,MMZG628T|DISSERTATION
doc,HT08 M.Tech. (VLSI Design and Microelectronics),HT08,1/2025,False,False,,1,SAT,FN,VLM ZG519,MOS DEVICES AND MICROFABRICATION TECHNOLOGY,ELECTIVE_OR_UNSPECIFIED,,VLM ZG519| MOS DEVICES AND MICROFABRICATION TECHNOLOGY
doc,HT08 M.Tech. (VLSI Design and Microelectronics),HT08,1/2025,False,False,,2,SAT,AN,VLM ZG632,ANALOG IC DESIGN,ELECTIVE_OR_UNSPECIFIED,,VLM ZG632 |ANALOG IC DESIGN
doc,HT08 M.Tech. (VLSI Design and Microelectronics),HT08,1/2025,False,False,,3,SUN,FN,VLM ZG621,VLSI DESIGN,ELECTIVE_OR_UNSPECIFIED,,VLM ZG621 |VLSI DESIGN
doc,HT08 M.Tech. (VLSI Design and Microelectronics),HT08,1/2025,False,False,,4,SUN,AN,VLM ZG515,CAD FOR VLSI DESIGN FLOW,ELECTIVE_OR_UNSPECIFIED,,VLM ZG515 CAD FOR VLSI DESIGN FLOW
doc,HT08 M.Tech. (VLSI Design and Microelectronics),HT08,2/2024,False,False,,1,SAT,FN,VLM ZG641,CAD FOR IC DESIGN,ELECTIVE_OR_UNSPECIFIED,,VLM ZG641|CAD FOR IC DESIGN
doc,HT08 M.Tech. (VLSI Design and Microelectronics),HT08,2/2024,False,False,,2,SAT,AN,VLM ZG623,ADVANCED VLSI DESIGN,ELECTIVE_OR_UNSPECIFIED,,VLM ZG623 ADVANCED VLSI DESIGN
doc,HT08 M.Tech. (VLSI Design and Microelectronics),HT08,2/2024,False,False,,3,SUN,FN,VLM ZG514,"VLSI ARCHITECTING, THE RTL WAY",CORE,,"VLM ZG514 : VLSI ARCHITECTING, THE RTL WAY (CORE)"
doc,HT08 M.Tech. (VLSI Design and Microelectronics),HT08,2/2024,False,False,,4,SUN,AN,VLM ZG528,SYS ON CHIP DESIGN,ELECTIVE_OR_UNSPECIFIED,,VLM ZG528 SYS ON CHIP DESIGN
doc,HT08 M.Tech. (VLSI Design and Microelectronics),HT08,2/2024,False,False,,4,SUN,AN,VLM ZG526,EMBEDDED SYSTEM DESIGN,ELECTIVE_OR_UNSPECIFIED,,VLMZG526|EMBEDDED SYSTEM DESIGN
doc,HT08 M.Tech. (VLSI Design and Microelectronics),HT08,2/2024,False,False,,7,SAT,EV,VLM ZG513,MACHINE LEA FOR ELECT ENGG,ELECTIVE_OR_UNSPECIFIED,,VLM ZG513 MACHINE LEA FOR ELECT ENGG
doc,HT08 M.Tech. (VLSI Design and Microelectronics),HT08,2/2024,False,False,,7,SAT,EV,VLM ZG512,OPTOELEC DEVICE CIRCUITS & SYS,ELECTIVE_OR_UNSPECIFIED,,VLM ZG512 | OPTOELEC DEVICE CIRCUITS & SYS
doc,HT08 M.Tech. (VLSI Design and Microelectronics),HT08,2/2024,False,False,,8,SUN,EV,VLM ZG510,RF MICOROELECTORNICS,ELECTIVE_OR_UNSPECIFIED,,VLM ZG510 RF MICOROELECTORNICS
doc,HT08 M.Tech. (VLSI Design and Microelectronics),HT08,2/2024,False,False,,8,SUN,EV,VLM ZC415,INTRODUCTION TO MEMS,ELECTIVE_OR_UNSPECIFIED,,VLM ZC415|INTRODUCTION TO MEMS
doc,HT80 M.Tech. (Microelectronics),HT80,1/2025,False,False,,1,SAT,FN,MEL ZG631,PHYSICS & MOD OF MICROELECTRONIC DEVICE,CORE,,MEL ZG631|PHYSICS & MOD OF MICROELECTRONIC DEVICE (CORE)
doc,HT80 M.Tech. (Microelectronics),HT80,1/2025,False,False,,2,SAT,AN,MEL ZG632,ANALOG IC DESIGN,CORE,,MELZG632|ANALOG IC DESIGN (CORE)
doc,HT80 M.Tech. (Microelectronics),HT80,1/2025,False,False,,3,SUN,FN,MEL ZG621,VLSI DESIGN,CORE,,MEL ZG621|VLSI DESIGN (CORE)
doc,HT80 M.Tech. (Microelectronics),HT80,1/2025,False,False,,4,SUN,AN,MEL ZG611,IC FABRICATION TECHNOLOGY,CORE,,MEL ZG611|IC FABRICATION TECHNOLOGY (CORE)
doc,HT80 M.Tech. (Microelectronics),HT80,2/2024,False,False,250,1,SAT,FN,MEL ZG641,CAD FOR IC DESIGN,BACKLOG,,MEL ZG641|CAD FOR IC DESIGN (CORE) BACKLOG
doc,HT80 M.Tech. (Microelectronics),HT80,2/2024,False,False,250,2,SAT,AN,MEL ZG554,RECONFIGURABLE COMPUTING,ELECTIVE_OR_UNSPECIFIED,,MELZG554|RECONFIGURABLE COMPUTING
doc,HT80 M.Tech. (Microelectronics),HT80,2/2024,False,False,250,2,SAT,AN,MEL ZG623,ADVANCED VLSI DESIGN,ELECTIVE_OR_UNSPECIFIED,,MELZG623|ADVANCED VLSI DESIGN
doc,HT80 M.Tech. (Microelectronics),HT80,2/2024,False,False,250,3,SUN,FN,MEL ZG520,WIRELESS & MOBILE COMMUNICATION,ELECTIVE_OR_UNSPECIFIED,,MELZG520|WIRELESS & MOBILE COMMUNICATION
doc,HT80 M.Tech. (Microelectronics),HT80,2/2024,False,False,250,3,SUN,FN,MEL ZG642,VLSI ARCHITECTURES,ELECTIVE_OR_UNSPECIFIED,,MEL ZG642|VLSI ARCHITECTURES
doc,HT80 M.Tech. (Microelectronics),HT80,2/2024,False,False,250,3,SUN,FN,MEL ZG553,REAL TIME SYSTEMS,ELECTIVE_OR_UNSPECIFIED,,MEL ZG553|REAL TIME SYSTEMS
doc,HT80 M.Tech. (Microelectronics),HT80,2/2024,False,False,250,4,SUN,AN,MEL ZG524,REAL TIME OPERATING SYSTEMS,ELECTIVE_OR_UNSPECIFIED,,MEL ZG524|REAL TIME OPERATING SYSTEMS
doc,HT80 M.Tech. (Microelectronics),HT80,2/2024,False,False,250,4,SUN,AN,MEL ZG526,EMBEDDED SYSTEM DESIGN,ELECTIVE_OR_UNSPECIFIED,,MELZG526|EMBEDDED SYSTEM DESIGN
doc,HT80 M.Tech. (Microelectronics),HT80,2/2024,False,False,250,7,SAT,EV,MEL ZG512,OPTOELEC DEVICE CIRCUITS & SYS,ELECTIVE_OR_UNSPECIFIED,,MEL ZG512 | OPTOELEC DEVICE CIRCUITS & SYS
doc,HT80 M.Tech. (Microelectronics),HT80,2/2024,False,False,250,7,SAT,EV,MEL ZG613,ADVANCED  DIGITAL SIGNAL PROCESSING,NOT_OFFERED,,MELZG613|ADVANCED DIGITAL SIGNAL PROCESSING Not offered
doc,HT80 M.Tech. (Microelectronics),HT80,2/2024,False,False,250,8,SUN,EV,MEL ZC415,INTRODUCTION TO MEMS,ELECTIVE_OR_UNSPECIFIED,,MEL ZC415|INTRODUCTION TO MEMS
doc,HT80 M.Tech. (Microelectronics),HT80,2/2024,False,False,250,8,SUN,EV,MEL ZG510,RF MICROELECTRONICS,ELECTIVE_OR_UNSPECIFIED,,MEL ZG510|RF MICROELECTRONICS
doc,HT80 M.Tech. (Microelectronics),HT80,2/2024,False,False,250,8,SUN,EV,MEL ZG651,HARDWARE SOFTWARE CO-DESIGN,ELECTIVE_OR_UNSPECIFIED,,MELZG651|HARDWARE SOFTWARE CO-DESIGN
doc,HT80 M.Tech. (Microelectronics),HT80,1/2024,False,False,210,1,SAT,FN,MEL ZG625,ADVANCED ANALOG & MIXED SIGNAL DESIGN,ELECTIVE_OR_UNSPECIFIED,,MELZG625|ADVANCED ANALOG & MIXED SIGNAL DESIGN
doc,HT80 M.Tech. (Microelectronics),HT80,1/2024,False,False,210,1,SAT,FN,MEL ZG573,DIGITAL SIGNAL  PROCESSING,ELECTIVE_OR_UNSPECIFIED,,MEL ZG573|DIGITAL SIGNAL PROCESSING
doc,HT80 M.Tech. (Microelectronics),HT80,1/2024,False,False,210,1,SAT,FN,MEL ZG531,TESTABILITY FOR VLSI,ELECTIVE_OR_UNSPECIFIED,,MELZG531|TESTABILITY FOR VLSI
doc,HT80 M.Tech. (Microelectronics),HT80,1/2024,False,False,210,1,SAT,FN,MEL ZG656,NETWORK EMBEDDED APPLICATIONS,ELECTIVE_OR_UNSPECIFIED,,MELZG656|NETWORK EMBEDDED APPLICATIONS
doc,HT80 M.Tech. (Microelectronics),HT80,1/2024,False,False,210,2,SAT,AN,MEL ZG554,RECONFIGURABLE COMPUTING,ELECTIVE_OR_UNSPECIFIED,,MELZG554|RECONFIGURABLE COMPUTING
doc,HT80 M.Tech. (Microelectronics),HT80,1/2024,False,False,210,2,SAT,AN,MEL ZG623,ADVANCED VLSI DESIGN,ELECTIVE_OR_UNSPECIFIED,,MELZG623|ADVANCED VLSI DESIGN
doc,HT80 M.Tech. (Microelectronics),HT80,1/2024,False,False,210,3,SUN,FN,MEL ZG520,WIRELESS & MOBILE COMMUNICATION,ELECTIVE_OR_UNSPECIFIED,,MELZG520|WIRELESS & MOBILE COMMUNICATION
doc,HT80 M.Tech. (Microelectronics),HT80,1/2024,False,False,210,3,SUN,FN,MEL ZG642,VLSI ARCHITECTURES,ELECTIVE_OR_UNSPECIFIED,,MEL ZG642|VLSI ARCHITECTURES
doc,HT80 M.Tech. (Microelectronics),HT80,1/2024,False,False,210,3,SUN,FN,MEL ZG553,REAL TIME SYSTEMS,ELECTIVE_OR_UNSPECIFIED,,MEL ZG553|REAL TIME SYSTEMS
doc,HT80 M.Tech. (Microelectronics),HT80,1/2024,False,False,210,4,SUN,AN,MEL ZG524,REAL TIME OPERATING SYSTEMS,ELECTIVE_OR_UNSPECIFIED,,MEL ZG524|REAL TIME OPERATING SYSTEMS
doc,HT80 M.Tech. (Microelectronics),HT80,1/2024,False,False,210,4,SUN,AN,MEL ZG526,EMBEDDED SYSTEM DESIGN,ELECTIVE_OR_UNSPECIFIED,,MELZG526|EMBEDDED SYSTEM DESIGN
doc,HT80 M.Tech. (Microelectronics),HT80,1/2024,False,False,210,7,SAT,EV,MEL ZG512,OPTOELEC DEVICE CIRCUITS & SYS,ELECTIVE_OR_UNSPECIFIED,,MEL ZG512 | OPTOELEC DEVICE CIRCUITS & SYS
doc,HT80 M.Tech. (Microelectronics),HT80,1/2024,False,False,210,7,SAT,EV,MEL ZG613,ADVANCED  DIGITAL SIGNAL PROCESSING,ELECTIVE_OR_UNSPECIFIED,,MELZG613|ADVANCED DIGITAL SIGNAL PROCESSING
doc,HT80 M.Tech. (Microelectronics),HT80,1/2024,False,False,210,8,SUN,EV,MEL ZC415,INTRODUCTION TO MEMS,ELECTIVE_OR_UNSPECIFIED,,MEL ZC415|INTRODUCTION TO MEMS
doc,HT80 M.Tech. (Microelectronics),HT80,1/2024,False,False,210,8,SUN,EV,MEL ZG510,RF MICROELECTRONICS,ELECTIVE_OR_UNSPECIFIED,,MEL ZG510|RF MICROELECTRONICS
doc,HT80 M.Tech. (Microelectronics),HT80,1/2024,False,False,210,8,SUN,EV,MEL ZG651,HARDWARE SOFTWARE CO-DESIGN,ELECTIVE_OR_UNSPECIFIED,,MELZG651|HARDWARE SOFTWARE CO-DESIGN
doc,HT80 M.Tech. (Microelectronics),HT80,2/2023,False,False,269,1,SAT,FN,MEL ZG628T,DISSERTATION,ELECTIVE_OR_UNSPECIFIED,,MELZG628T|DISSERTATION
doc,HT84 M.Tech. (Pharmaceutical Operation & Management),HT84,1/2025,False,False,,1,SAT,FN,POM ZG534,ADVANCED PHARMACEUTICAL TECH,CORE,,POMZG534|ADVANCED PHARMACEUTICAL TECH (CORE)
doc,HT84 M.Tech. (Pharmaceutical Operation & Management),HT84,1/2025,False,False,,2,SAT,AN,POM ZG515,PHARMA ADMIN AND MANAGEMENT,CORE,,POM ZG515|PHARMA ADMIN AND MANAGEMENT (CORE)
doc,HT84 M.Tech. (Pharmaceutical Operation & Management),HT84,1/2025,False,False,,3,SUN,FN,POM ZG525,PHARMA PRO DEV & SCALE-UP,CORE,,POM ZG525|PHARMA PRO DEV & SCALE-UP (CORE)
doc,HT84 M.Tech. (Pharmaceutical Operation & Management),HT84,1/2025,False,False,,4,SUN,AN,POM ZG522,QUALITY ASSURANCE & REG AFFAIRS,CORE,,POM ZG522|QUALITY ASSURANCE & REG AFFAIRS (CORE)
doc,HT84 M.Tech. (Pharmaceutical Operation & Management),HT84,2/2024,False,False,42,1,SAT,FN,POM ZC441,HUMAN RESOURCE MANAGEMENT,ELECTIVE_OR_UNSPECIFIED,SAT 8:20,POM ZC441|HUMAN RESOURCE MANAGEMENT Sat 8.20
doc,HT84 M.Tech. (Pharmaceutical Operation & Management),HT84,2/2024,False,False,42,2,SAT,AN,POM ZG521,STATISTICAL PROCESS CONTROL,ELECTIVE_OR_UNSPECIFIED,,POM ZG521|STATISTICAL PROCESS CONTROL
doc,HT84 M.Tech. (Pharmaceutical Operation & Management),HT84,2/2024,False,False,42,2,SAT,AN,POM ZG545,INTEL PROP RIGHTS & PHARMA,ELECTIVE_OR_UNSPECIFIED,SUN 10:30,POM ZG545|INTEL PROP RIGHTS & PHARMA Sun 10.30
doc,HT84 M.Tech. (Pharmaceutical Operation & Management),HT84,2/2024,False,False,42,3,SUN,FN,POM ZC471,MANAGEMENT INFORMATION SYSTEM,ELECTIVE_OR_UNSPECIFIED,,POMZC471|MANAGEMENT INFORMATION SYSTEM
doc,HT84 M.Tech. (Pharmaceutical Operation & Management),HT84,2/2024,False,False,42,3,SUN,FN,POM ZG621,SUPPLY CHAIN MANAGEMENT,ELECTIVE_OR_UNSPECIFIED,SAT 10:30,POM ZG621|SUPPLY CHAIN MANAGEMENT Sat 10.30
doc,HT84 M.Tech. (Pharmaceutical Operation & Management),HT84,2/2024,False,False,42,4,SUN,AN,POM ZG513,FINANCIAL MANAGEMENT,ELECTIVE_OR_UNSPECIFIED,,POM ZG513|FINANCIAL MANAGEMENT
doc,HT84 M.Tech. (Pharmaceutical Operation & Management),HT84,2/2024,False,False,42,4,SUN,AN,POM ZG523,PROJECT MANAGEMENT,ELECTIVE_OR_UNSPECIFIED,,POM ZG523|PROJECT MANAGEMENT
doc,HT84 M.Tech. (Pharmaceutical Operation & Management),HT84,2/2024,False,False,42,4,SUN,AN,POM ZG611,STRATEGIC MANAGEMENT & BUSINESS POLICY,ELECTIVE_OR_UNSPECIFIED,SUN 8:20,POM ZG611|STRATEGIC MANAGEMENT & BUSINESS POLICY Sun 8.20
doc,HT84 M.Tech. (Pharmaceutical Operation & Management),HT84,2/2024,False,False,42,7,SAT,EV,POM ZG512,DOSAGE FORM DESIGN,ELECTIVE_OR_UNSPECIFIED,SUN 1:30,POM ZG512|DOSAGE FORM DESIGN Sun 1.30
doc,HT84 M.Tech. (Pharmaceutical Operation & Management),HT84,2/2024,False,False,42,8,SUN,EV,POM ZG531,MANUFACTURING ORG AND MGMT,ELECTIVE_OR_UNSPECIFIED,SUN 3:40,POM ZG531|MANUFACTURING ORG AND MGMT Sun 3.40
doc,HT84 M.Tech. (Pharmaceutical Operation & Management),HT84,1/2024,False,False,28,1,SAT,FN,POM ZC441,HUMAN RESOURCE MANAGEMENT,ELECTIVE_OR_UNSPECIFIED,,POM ZC441|HUMAN RESOURCE MANAGEMENT
doc,HT84 M.Tech. (Pharmaceutical Operation & Management),HT84,1/2024,False,False,28,2,SAT,AN,POM ZG521,STATISTICAL PROCESS CONTROL,ELECTIVE_OR_UNSPECIFIED,,POM ZG521|STATISTICAL PROCESS CONTROL
doc,HT84 M.Tech. (Pharmaceutical Operation & Management),HT84,1/2024,False,False,28,2,SAT,AN,POM ZG545,INTEL PROP RIGHTS & PHARMA,ELECTIVE_OR_UNSPECIFIED,,POM ZG545|INTEL PROP RIGHTS & PHARMA
doc,HT84 M.Tech. (Pharmaceutical Operation & Management),HT84,1/2024,False,False,28,3,SUN,FN,POM ZC471,MANAGEMENT INFORMATION SYSTEM,ELECTIVE_OR_UNSPECIFIED,,POMZC471|MANAGEMENT INFORMATION SYSTEM
doc,HT84 M.Tech. (Pharmaceutical Operation & Management),HT84,1/2024,False,False,28,3,SUN,FN,POM ZG621,SUPPLY CHAIN MANAGEMENT,ELECTIVE_OR_UNSPECIFIED,,POM ZG621|SUPPLY CHAIN MANAGEMENT
doc,HT84 M.Tech. (Pharmaceutical Operation & Management),HT84,1/2024,False,False,28,4,SUN,AN,POM ZG513,FINANCIAL MANAGEMENT,ELECTIVE_OR_UNSPECIFIED,,POM ZG513|FINANCIAL MANAGEMENT
doc,HT84 M.Tech. (Pharmaceutical Operation & Management),HT84,1/2024,False,False,28,4,SUN,AN,POM ZG523,PROJECT MANAGEMENT,ELECTIVE_OR_UNSPECIFIED,,POM ZG523|PROJECT MANAGEMENT
doc,HT84 M.Tech. (Pharmaceutical Operation & Management),HT84,1/2024,False,False,28,4,SUN,AN,POM ZG611,STRATEGIC MANAGEMENT & BUSINESS POLICY,ELECTIVE_OR_UNSPECIFIED,,POM ZG611|STRATEGIC MANAGEMENT & BUSINESS POLICY
doc,HT84 M.Tech. (Pharmaceutical Operation & Management),HT84,1/2024,False,False,28,7,SAT,EV,POM ZG512,DOSAGE FORM DESIGN,ELECTIVE_OR_UNSPECIFIED,,POM ZG512|DOSAGE FORM DESIGN
doc,HT84 M.Tech. (Pharmaceutical Operation & Management),HT84,1/2024,False,False,28,8,SUN,EV,POM ZG531,MANUFACTURING ORG AND MGMT,ELECTIVE_OR_UNSPECIFIED,,POM ZG531|MANUFACTURING ORG AND MGMT
doc,HT84 M.Tech. (Pharmaceutical Operation & Management),HT84,2/2023,False,False,36,1,SAT,FN,POM ZG628T,DISSERTATION,ELECTIVE_OR_UNSPECIFIED,,POMZG628T|DISSERTATION
doc,MT03 M.Tech. (Cloud Computing),MT03,1/2025,False,False,,1,SAT,FN,CC ZG501,INTRODUCTION TO PARALLEL AND DISTRIBUTED PROGRAMMING,CORE,,CC ZG501 | INTRODUCTION TO PARALLEL AND DISTRIBUTED PROGRAMMING (CORE)
doc,MT03 M.Tech. (Cloud Computing),MT03,1/2025,False,False,,2,SAT,AN,CC ZG503,NETWORK FUNDAMENTALS FOR CLOUD,CORE,,CC ZG503 | NETWORK FUNDAMENTALS FOR CLOUD (CORE)
doc,MT03 M.Tech. (Cloud Computing),MT03,1/2025,False,False,,4,SUN,AN,CC ZG527,CLOUD COMPUTING,CORE,,CC ZG527 | CLOUD COMPUTING (CORE)
doc,MT03 M.Tech. (Cloud Computing),MT03,1/2025,False,False,,8,SUN,EV,CC ZG522,BIG DATA SYSTEMS,CORE,,CC ZG522 | BIG DATA SYSTEMS (CORE)
doc,MT03 M.Tech. (Cloud Computing),MT03,2/2024,False,False,131,1,SAT,FN,CC ZG502,Cloud Infrastructure and Systems Software,CORE,,CC ZG502 | Cloud Infrastructure and Systems Software (CORE)
doc,MT03 M.Tech. (Cloud Computing),MT03,2/2024,False,False,131,2,SAT,AN,CC ZG526,Distributed Computing,CORE,,CC ZG526 | Distributed Computing (CORE)
doc,MT03 M.Tech. (Cloud Computing),MT03,2/2024,False,False,131,3,SUN,FN,CC ZG504,SECURITY FUNDAMENTALS FOR CLOUD,ELECTIVE_OR_UNSPECIFIED,,CC ZG504| SECURITY FUNDAMENTALS FOR CLOUD
doc,MT03 M.Tech. (Cloud Computing),MT03,2/2024,False,False,131,3,SUN,FN,CC ZG532,INTRODUCTION TO DATA SCI,ELECTIVE_OR_UNSPECIFIED,,CC ZG532 INTRODUCTION TO DATA SCI
doc,MT03 M.Tech. (Cloud Computing),MT03,2/2024,False,False,131,3,SUN,FN,CC ZG586,EDGE COMPUTING,ELECTIVE_OR_UNSPECIFIED,,CC ZG586 | EDGE COMPUTING
doc,MT03 M.Tech. (Cloud Computing),MT03,2/2024,False,False,131,4,SUN,AN,CC ZG505,CLOUD ECONOMICS,ELECTIVE_OR_UNSPECIFIED,,CC ZG505 | CLOUD ECONOMICS
doc,MT03 M.Tech. (Cloud Computing),MT03,2/2024,False,False,131,4,SUN,AN,CC ZG583,SCALABLE SERVICES,ELECTIVE_OR_UNSPECIFIED,,CC ZG583| SCALABLE SERVICES
doc,MT03 M.Tech. (Cloud Computing),MT03,2/2024,False,False,131,7,SAT,EV,CC ZG515,DATA WAREHOUSING,ELECTIVE_OR_UNSPECIFIED,,CC ZG515|DATA WAREHOUSING
doc,MT03 M.Tech. (Cloud Computing),MT03,2/2024,False,False,131,7,SAT,EV,CC ZG566,SECURE SOFTWARE ENGINEERING,ELECTIVE_OR_UNSPECIFIED,,CC ZG566|SECURE SOFTWARE ENGINEERING
doc,MT03 M.Tech. (Cloud Computing),MT03,2/2024,False,False,131,7,SAT,EV,CC ZG506,API –DRIVEN CLOUD,ELECTIVE_OR_UNSPECIFIED,,CC ZG506 API –DRIVEN CLOUD
doc,MT03 M.Tech. (Cloud Computing),MT03,2/2024,False,False,131,8,SUN,EV,CC ZG556,STREAM PROCESSING & ANALYTICS,ELECTIVE_OR_UNSPECIFIED,,CC ZG556|STREAM PROCESSING & ANALYTICS
doc,MT03 M.Tech. (Cloud Computing),MT03,2/2024,False,False,131,8,SUN,EV,CC ZG507,DEVOPS FOR CLOUD,ELECTIVE_OR_UNSPECIFIED,,CC ZG507|DEVOPS FOR CLOUD
doc,MT03 M.Tech. (Cloud Computing),MT03,2/2024,False,False,131,8,SUN,EV,CC ZC447,DATA STORAGE TECH & NETWORKS,ELECTIVE_OR_UNSPECIFIED,,CC ZC447 | DATA STORAGE TECH & NETWORKS
doc,MT03 M.Tech. (Cloud Computing),MT03,1/2024,False,False,154,1,SAT,FN,CC ZG538,INFRASTRUCTURE MANAGEMENT,ELECTIVE_OR_UNSPECIFIED,,CC ZG538|INFRASTRUCTURE MANAGEMENT
doc,MT03 M.Tech. (Cloud Computing),MT03,1/2024,False,False,154,2,SAT,AN,CC ZG508,DESIGN & OPER OF DATA CENTERS,ELECTIVE_OR_UNSPECIFIED,,CC ZG508 | DESIGN & OPER OF DATA CENTERS
doc,MT03 M.Tech. (Cloud Computing),MT03,1/2024,False,False,154,3,SUN,FN,CC ZG504,SECURITY FUNDAMENTALS FOR CLOUD,ELECTIVE_OR_UNSPECIFIED,,CC ZG504| SECURITY FUNDAMENTALS FOR CLOUD
doc,MT03 M.Tech. (Cloud Computing),MT03,1/2024,False,False,154,3,SUN,FN,CC ZG532,INTRODUCTION TO DATA SCI,ELECTIVE_OR_UNSPECIFIED,,CC ZG532 INTRODUCTION TO DATA SCI
doc,MT03 M.Tech. (Cloud Computing),MT03,1/2024,False,False,154,3,SUN,FN,CC ZG586,EDGE COMPUTING,ELECTIVE_OR_UNSPECIFIED,,CC ZG586 | EDGE COMPUTING
doc,MT03 M.Tech. (Cloud Computing),MT03,1/2024,False,False,154,4,SUN,AN,CC ZG505,CLOUD ECONOMICS,ELECTIVE_OR_UNSPECIFIED,,CC ZG505 | CLOUD ECONOMICS
doc,MT03 M.Tech. (Cloud Computing),MT03,1/2024,False,False,154,4,SUN,AN,CC ZG583,SCALABLE SERVICES,ELECTIVE_OR_UNSPECIFIED,,CC ZG583| SCALABLE SERVICES
doc,MT03 M.Tech. (Cloud Computing),MT03,1/2024,False,False,154,7,SAT,EV,CC ZG515,DATA WAREHOUSING,ELECTIVE_OR_UNSPECIFIED,,CC ZG515|DATA WAREHOUSING
doc,MT03 M.Tech. (Cloud Computing),MT03,1/2024,False,False,154,7,SAT,EV,CC ZG566,SECURE SOFTWARE ENGINEERING,ELECTIVE_OR_UNSPECIFIED,,CC ZG566|SECURE SOFTWARE ENGINEERING
doc,MT03 M.Tech. (Cloud Computing),MT03,1/2024,False,False,154,7,SAT,EV,CC ZG506,API –DRIVEN CLOUD,ELECTIVE_OR_UNSPECIFIED,,CC ZG506 API –DRIVEN CLOUD
doc,MT03 M.Tech. (Cloud Computing),MT03,1/2024,False,False,154,8,SUN,EV,CC ZG556,STREAM PROCESSING & ANALYTICS,ELECTIVE_OR_UNSPECIFIED,,CC ZG556|STREAM PROCESSING & ANALYTICS
doc,MT03 M.Tech. (Cloud Computing),MT03,1/2024,False,False,154,8,SUN,EV,CC ZG507,DEVOPS FOR CLOUD,ELECTIVE_OR_UNSPECIFIED,,CC ZG507|DEVOPS FOR CLOUD
doc,MT03 M.Tech. (Cloud Computing),MT03,1/2024,False,False,154,8,SUN,EV,CC ZC447,DATA STORAGE TECH & NETWORKS,ELECTIVE_OR_UNSPECIFIED,,CC ZC447 | DATA STORAGE TECH & NETWORKS
doc,MT03 M.Tech. (Cloud Computing),MT03,2/2023,False,False,179,1,SAT,FN,CC ZG628T,DISSERTATION,ELECTIVE_OR_UNSPECIFIED,,CC ZG628T DISSERTATION
doc,MT93/TM93 M.Tech. (Software Engineering),MT93/TM93,1/2025,False,False,,1,SAT,FN,SE ZG651,SOFTWARE ARCHITECTURES,CORE,,SE ZG651|SOFTWARE ARCHITECTURES (CORE)
doc,MT93/TM93 M.Tech. (Software Engineering),MT93/TM93,1/2025,False,False,,2,SAT,AN,SE ZG544,AGILE SOFTWARE PROCESSES,CORE,,SE ZG544|AGILE SOFTWARE PROCESSES (CORE)
doc,MT93/TM93 M.Tech. (Software Engineering),MT93/TM93,1/2025,False,False,,3,SUN,FN,SE ZG685,SOFTWARE PRODUCT MANAGEMENT,CORE,,SE ZG685|SOFTWARE PRODUCT MANAGEMENT (CORE)
doc,MT93/TM93 M.Tech. (Software Engineering),MT93/TM93,1/2025,False,False,,4,SUN,AN,SE ZG527,CLOUD COMPUTING,CORE,,SE ZG527|CLOUD COMPUTING (CORE)
doc,MT93/TM93 M.Tech. (Software Engineering),MT93/TM93,2/2024,False,False,322,1,SAT,FN,SE ZG519,DATA STRUCTURES & ALGORITHMS DESIGN,ELECTIVE_OR_UNSPECIFIED,,SE ZG519|DATA STRUCTURES & ALGORITHMS DESIGN
doc,MT93/TM93 M.Tech. (Software Engineering),MT93/TM93,2/2024,False,False,322,1,SAT,FN,SE ZG583,SCALABLE SERVICES,ELECTIVE_OR_UNSPECIFIED,,SE ZG583|SCALABLE SERVICES
doc,MT93/TM93 M.Tech. (Software Engineering),MT93/TM93,2/2024,False,False,322,1,SAT,FN,SE ZG622,SOFTWARE PROJECT MANAGEMENT,ELECTIVE_OR_UNSPECIFIED,,SE ZG622|SOFTWARE PROJECT MANAGEMENT
doc,MT93/TM93 M.Tech. (Software Engineering),MT93/TM93,2/2024,False,False,322,1,SAT,FN,SE ZG508,PRODUCT STRATEGY AND PLANNING,ELECTIVE_OR_UNSPECIFIED,,SEZG508| PRODUCT STRATEGY AND PLANNING
doc,MT93/TM93 M.Tech. (Software Engineering),MT93/TM93,2/2024,False,False,322,2,SAT,AN,SE ZC410,MARKETING,ELECTIVE_OR_UNSPECIFIED,,SE ZC410 MARKETING
doc,MT93/TM93 M.Tech. (Software Engineering),MT93/TM93,2/2024,False,False,322,2,SAT,AN,SE ZG530,DESIGN OF CON EXPER,ELECTIVE_OR_UNSPECIFIED,,SEZG530 DESIGN OF CON EXPER
doc,MT93/TM93 M.Tech. (Software Engineering),MT93/TM93,2/2024,False,False,322,2,SAT,AN,SE ZG568,APPLIED MACHINE LEARNING,ELECTIVE_OR_UNSPECIFIED,,SEZG568|APPLIED MACHINE LEARNING
doc,MT93/TM93 M.Tech. (Software Engineering),MT93/TM93,2/2024,False,False,322,2,SAT,AN,SE ZG589,MIDDLEWARE TECHNOLOGIES,ELECTIVE_OR_UNSPECIFIED,,SEZG589|MIDDLEWARE TECHNOLOGIES
doc,MT93/TM93 M.Tech. (Software Engineering),MT93/TM93,2/2024,False,False,322,2,SAT,AN,SE ZG555,DATA VISUALIZATION AND INTERPRETATION,ELECTIVE_OR_UNSPECIFIED,,SEZG555| DATA VISUALIZATION AND INTERPRETATION
doc,MT93/TM93 M.Tech. (Software Engineering),MT93/TM93,2/2024,False,False,322,3,SUN,FN,SE ZG503,FULL-STACK APPL DEV,ELECTIVE_OR_UNSPECIFIED,,SEZG503 FULL-STACK APPL DEV
doc,MT93/TM93 M.Tech. (Software Engineering),MT93/TM93,2/2024,False,False,322,3,SUN,FN,SE ZG512,OBJECT ORIENTED ANALYSIS AND DESIGN,ELECTIVE_OR_UNSPECIFIED,,SEZG512 | OBJECT ORIENTED ANALYSIS AND DESIGN
doc,MT93/TM93 M.Tech. (Software Engineering),MT93/TM93,2/2024,False,False,322,3,SUN,FN,SE ZG510,PRODUCT ANALYTICS,ELECTIVE_OR_UNSPECIFIED,,SEZG510 PRODUCT ANALYTICS
doc,MT93/TM93 M.Tech. (Software Engineering),MT93/TM93,2/2024,False,False,322,3,SUN,FN,SE ZG587,OPEN SOURCE SOFTWARE ENGINEERING,ELECTIVE_OR_UNSPECIFIED,,SE ZG587|OPEN SOURCE SOFTWARE ENGINEERING
doc,MT93/TM93 M.Tech. (Software Engineering),MT93/TM93,2/2024,False,False,322,4,SUN,AN,SE ZG505,USER EXP DESIGN,ELECTIVE_OR_UNSPECIFIED,,SEZG505 USER EXP DESIGN
doc,MT93/TM93 M.Tech. (Software Engineering),MT93/TM93,2/2024,False,False,322,4,SUN,AN,SE ZG518,DATABASE DESIGN & APPLICATIONS,ELECTIVE_OR_UNSPECIFIED,,SEZG518|DATABASE DESIGN & APPLICATIONS
doc,MT93/TM93 M.Tech. (Software Engineering),MT93/TM93,2/2024,False,False,322,4,SUN,AN,SE ZG557,ARTIFICIAL AND COMPUTATIONAL INTELLIGENCE,ELECTIVE_OR_UNSPECIFIED,,SEZG557 |ARTIFICIAL AND COMPUTATIONAL INTELLIGENCE
doc,MT93/TM93 M.Tech. (Software Engineering),MT93/TM93,2/2024,False,False,322,4,SUN,AN,SE ZG569,BLOCKCHAIN TECHNOLOGIES & SYS,ELECTIVE_OR_UNSPECIFIED,,SEZG569|BLOCKCHAIN TECHNOLOGIES & SYS
doc,MT93/TM93 M.Tech. (Software Engineering),MT93/TM93,2/2024,False,False,322,4,SUN,AN,SE ZG509,COMM ESTIMATION & NEGO,ELECTIVE_OR_UNSPECIFIED,,SEZG509 COMM ESTIMATION & NEGO
doc,MT93/TM93 M.Tech. (Software Engineering),MT93/TM93,2/2024,False,False,322,7,SAT,EV,SE ZG507,PRODUCT DISCOVERY AND REQUIREMENTS ENGINEERING,ELECTIVE_OR_UNSPECIFIED,,SEZG507|PRODUCT DISCOVERY AND REQUIREMENTS ENGINEERING
doc,MT93/TM93 M.Tech. (Software Engineering),MT93/TM93,2/2024,False,False,322,7,SAT,EV,SE ZG515,DATA WAREHOUSING,ELECTIVE_OR_UNSPECIFIED,,SE ZG515|DATA WAREHOUSING
doc,MT93/TM93 M.Tech. (Software Engineering),MT93/TM93,2/2024,False,False,322,7,SAT,EV,SE ZG566,SECURE SOFTWARE ENGINEERING,ELECTIVE_OR_UNSPECIFIED,,SE ZG566|SECURE SOFTWARE ENGINEERING
doc,MT93/TM93 M.Tech. (Software Engineering),MT93/TM93,2/2024,False,False,322,7,SAT,EV,SE ZG585,CROSS PLATFORM APP DEVELOPMENT,ELECTIVE_OR_UNSPECIFIED,,SE ZG585| CROSS PLATFORM APP DEVELOPMENT
doc,MT93/TM93 M.Tech. (Software Engineering),MT93/TM93,2/2024,False,False,322,7,SAT,EV,SE ZG504,API-BASED PRODUCT,ELECTIVE_OR_UNSPECIFIED,,SEZG504 API-BASED PRODUCT
doc,MT93/TM93 M.Tech. (Software Engineering),MT93/TM93,2/2024,False,False,322,7,SAT,EV,SE ZG552,SOFTWARE TESTING METHODOLOGIES,ELECTIVE_OR_UNSPECIFIED,,SE ZG552|SOFTWARE TESTING METHODOLOGIES
doc,MT93/TM93 M.Tech. (Software Engineering),MT93/TM93,2/2024,False,False,322,8,SUN,EV,SE ZG501,SOFTWARE QUALITY ASSURANCE AND TESTING,CORE,,SEZG501| SOFTWARE QUALITY ASSURANCE AND TESTING (core)
doc,MT93/TM93 M.Tech. (Software Engineering),MT93/TM93,1/2024,False,False,271,1,SAT,FN,SE ZG519,DATA STRUCTURES & ALGORITHMS DESIGN,ELECTIVE_OR_UNSPECIFIED,,SE ZG519|DATA STRUCTURES & ALGORITHMS DESIGN
doc,MT93/TM93 M.Tech. (Software Engineering),MT93/TM93,1/2024,False,False,271,1,SAT,FN,SE ZG583,SCALABLE SERVICES,ELECTIVE_OR_UNSPECIFIED,,SE ZG583|SCALABLE SERVICES
doc,MT93/TM93 M.Tech. (Software Engineering),MT93/TM93,1/2024,False,False,271,1,SAT,FN,SE ZG622,SOFTWARE PROJECT MANAGEMENT,ELECTIVE_OR_UNSPECIFIED,,SE ZG622|SOFTWARE PROJECT MANAGEMENT
doc,MT93/TM93 M.Tech. (Software Engineering),MT93/TM93,1/2024,False,False,271,1,SAT,FN,SE ZG508,PRODUCT STRATEGY AND PLANNING,ELECTIVE_OR_UNSPECIFIED,,SEZG508| PRODUCT STRATEGY AND PLANNING
doc,MT93/TM93 M.Tech. (Software Engineering),MT93/TM93,1/2024,False,False,271,2,SAT,AN,SE ZC410,MARKETING,ELECTIVE_OR_UNSPECIFIED,,SE ZC410 MARKETING
doc,MT93/TM93 M.Tech. (Software Engineering),MT93/TM93,1/2024,False,False,271,2,SAT,AN,SE ZG530,DESIGN OF CON EXPER,ELECTIVE_OR_UNSPECIFIED,,SEZG530 DESIGN OF CON EXPER
doc,MT93/TM93 M.Tech. (Software Engineering),MT93/TM93,1/2024,False,False,271,2,SAT,AN,SE ZG568,APPLIED MACHINE LEARNING,ELECTIVE_OR_UNSPECIFIED,,SEZG568|APPLIED MACHINE LEARNING
doc,MT93/TM93 M.Tech. (Software Engineering),MT93/TM93,1/2024,False,False,271,2,SAT,AN,SE ZG589,MIDDLEWARE TECHNOLOGIES,ELECTIVE_OR_UNSPECIFIED,,SEZG589|MIDDLEWARE TECHNOLOGIES
doc,MT93/TM93 M.Tech. (Software Engineering),MT93/TM93,1/2024,False,False,271,2,SAT,AN,SE ZG555,DATA VISUALIZATION AND INTERPRETATION,ELECTIVE_OR_UNSPECIFIED,,SEZG555| DATA VISUALIZATION AND INTERPRETATION
doc,MT93/TM93 M.Tech. (Software Engineering),MT93/TM93,1/2024,False,False,271,3,SUN,FN,SE ZG503,FULL-STACK APPL DEV,ELECTIVE_OR_UNSPECIFIED,,SEZG503 FULL-STACK APPL DEV
doc,MT93/TM93 M.Tech. (Software Engineering),MT93/TM93,1/2024,False,False,271,3,SUN,FN,SE ZG512,OBJECT ORIENTED ANALYSIS AND DESIGN,ELECTIVE_OR_UNSPECIFIED,,SEZG512 | OBJECT ORIENTED ANALYSIS AND DESIGN
doc,MT93/TM93 M.Tech. (Software Engineering),MT93/TM93,1/2024,False,False,271,3,SUN,FN,SE ZG510,PRODUCT ANALYTICS,ELECTIVE_OR_UNSPECIFIED,,SEZG510 PRODUCT ANALYTICS
doc,MT93/TM93 M.Tech. (Software Engineering),MT93/TM93,1/2024,False,False,271,3,SUN,FN,SE ZG587,OPEN SOURCE SOFTWARE ENGINEERING,ELECTIVE_OR_UNSPECIFIED,,SE ZG587|OPEN SOURCE SOFTWARE ENGINEERING
doc,MT93/TM93 M.Tech. (Software Engineering),MT93/TM93,1/2024,False,False,271,4,SUN,AN,SE ZG505,USER EXP DESIGN,ELECTIVE_OR_UNSPECIFIED,,SEZG505 USER EXP DESIGN
doc,MT93/TM93 M.Tech. (Software Engineering),MT93/TM93,1/2024,False,False,271,4,SUN,AN,SE ZG518,DATABASE DESIGN & APPLICATIONS,ELECTIVE_OR_UNSPECIFIED,,SEZG518|DATABASE DESIGN & APPLICATIONS
doc,MT93/TM93 M.Tech. (Software Engineering),MT93/TM93,1/2024,False,False,271,4,SUN,AN,SE ZG557,ARTIFICAL & COMP INTELLE,ELECTIVE_OR_UNSPECIFIED,,SEZG557 ARTIFICAL & COMP INTELLE
doc,MT93/TM93 M.Tech. (Software Engineering),MT93/TM93,1/2024,False,False,271,4,SUN,AN,SE ZG569,BLOCKCHAIN TECHNOLOGIES & SYS,ELECTIVE_OR_UNSPECIFIED,,SEZG569|BLOCKCHAIN TECHNOLOGIES & SYS
doc,MT93/TM93 M.Tech. (Software Engineering),MT93/TM93,1/2024,False,False,271,4,SUN,AN,SE ZG509,COMM ESTIMATION & NEGO,ELECTIVE_OR_UNSPECIFIED,,SEZG509 COMM ESTIMATION & NEGO
doc,MT93/TM93 M.Tech. (Software Engineering),MT93/TM93,1/2024,False,False,271,7,SAT,EV,SE ZG507,PRODUCT DISCOVERY AND REQUIREMENTS ENGINEERING,ELECTIVE_OR_UNSPECIFIED,,SEZG507|PRODUCT DISCOVERY AND REQUIREMENTS ENGINEERING
doc,MT93/TM93 M.Tech. (Software Engineering),MT93/TM93,1/2024,False,False,271,7,SAT,EV,SE ZG515,DATA WAREHOUSING,ELECTIVE_OR_UNSPECIFIED,,SE ZG515|DATA WAREHOUSING
doc,MT93/TM93 M.Tech. (Software Engineering),MT93/TM93,1/2024,False,False,271,7,SAT,EV,SE ZG566,SECURE SOFTWARE ENGINEERING,ELECTIVE_OR_UNSPECIFIED,,SE ZG566|SECURE SOFTWARE ENGINEERING
doc,MT93/TM93 M.Tech. (Software Engineering),MT93/TM93,1/2024,False,False,271,7,SAT,EV,SE ZG585,CROSS PLATFORM APP DEVELOPMENT,ELECTIVE_OR_UNSPECIFIED,,SE ZG585| CROSS PLATFORM APP DEVELOPMENT
doc,MT93/TM93 M.Tech. (Software Engineering),MT93/TM93,1/2024,False,False,271,7,SAT,EV,SE ZG504,API-BASED PRODUCT,ELECTIVE_OR_UNSPECIFIED,,SEZG504 API-BASED PRODUCT
doc,MT93/TM93 M.Tech. (Software Engineering),MT93/TM93,1/2024,False,False,271,7,SAT,EV,SE ZG552,SOFTWARE TESTING METHODOLOGIES,ELECTIVE_OR_UNSPECIFIED,,SEZG552|SOFTWARE TESTING METHODOLOGIES
doc,MT93/TM93 M.Tech. (Software Engineering),MT93/TM93,1/2024,False,False,271,8,SUN,EV,SE ZG514,INTRODUCTION TO DEVOPS,ELECTIVE_OR_UNSPECIFIED,,SEZG514|INTRODUCTION TO DEVOPS
doc,MT93/TM93 M.Tech. (Software Engineering),MT93/TM93,1/2024,False,False,271,8,SUN,EV,SE ZG681,CYBER SECURITY,ELECTIVE_OR_UNSPECIFIED,,SEZG681|CYBER SECURITY
doc,MT93/TM93 M.Tech. (Software Engineering),MT93/TM93,2/2023,False,False,424,1,SAT,FN,SE ZG628T,DISSERTATION,ELECTIVE_OR_UNSPECIFIED,,SE ZG628T|DISSERTATION
doc,US70 M.Tech. (Software Engineering),US70,1/2025,False,False,,1,SAT,FN,SEUS ZG622,SOFTWARE PROJECT MANAGEMENT,ELECTIVE_OR_UNSPECIFIED,,SEUS ZG622|SOFTWARE PROJECT MANAGEMENT
doc,US70 M.Tech. (Software Engineering),US70,1/2025,False,False,,2,SAT,AN,SEUS ZC344,SOFTWARE ENGINEERING,ELECTIVE_OR_UNSPECIFIED,,SEUSZC344 SOFTWARE ENGINEERING
doc,US70 M.Tech. (Software Engineering),US70,1/2025,False,False,,3,SUN,FN,SEUS ZG587,OPEN SOURCE SOFTWARE ENGINEERING,ELECTIVE_OR_UNSPECIFIED,,SEUSZG587|OPEN SOURCE SOFTWARE ENGINEERING
doc,US70 M.Tech. (Software Engineering),US70,1/2025,False,False,,4,SUN,AN,SEUS ZC467,COMPUTER NETWORKS,ELECTIVE_OR_UNSPECIFIED,,SEUSZC467 COMPUTER NETWORKS
doc,US70 M.Tech. (Software Engineering),US70,2/2024,False,False,,1,SAT,FN,SEUS ZG651,SOFTWARE ARCHITECTURES,ELECTIVE_OR_UNSPECIFIED,,SEUS ZG651| SOFTWARE ARCHITECTURES
doc,US70 M.Tech. (Software Engineering),US70,2/2024,False,False,,4,SUN,AN,SEUS ZG583,SCALABLE SERVICES,ELECTIVE_OR_UNSPECIFIED,,SEUS ZG583|SCALABLE SERVICES Check
doc,US70 M.Tech. (Software Engineering),US70,2/2024,False,False,,6,FRI,AN,SEUS ZG527,CLOUD COMPUTING,ELECTIVE_OR_UNSPECIFIED,,SEUS ZG527|CLOUD COMPUTING
doc,US70 M.Tech. (Software Engineering),US70,2/2024,False,False,,8,SUN,EV,SEUS ZG681,CYBER SECURITY,ELECTIVE_OR_UNSPECIFIED,,SEUS ZG681 |CYBER SECURITY
doc,US70 M.Tech. (Software Engineering),US70,1/2024,False,False,,1,SAT,FN,SEUS ZG552,SOFTWARE TESTING METHODOLOGIES,ELECTIVE_OR_UNSPECIFIED,,SEUS ZG552 : SOFTWARE TESTING METHODOLOGIES
doc,US70 M.Tech. (Software Engineering),US70,1/2024,False,False,,2,SAT,AN,SEUS ZC241,PRINCIPLES OF MGMT,ELECTIVE_OR_UNSPECIFIED,,SEUSZC241 : PRINCIPLES OF MGMT
doc,US70 M.Tech. (Software Engineering),US70,1/2024,False,False,,3,SUN,FN,SEUS ZG685,SOFTWARE PRODUCT MGMT,ELECTIVE_OR_UNSPECIFIED,,SEUS ZG685 : SOFTWARE PRODUCT MGMT
doc,US70 M.Tech. (Software Engineering),US70,1/2024,False,False,,4,SUN,AN,SEUS ZC312,TECHNICAL REPORT WRITING,ELECTIVE_OR_UNSPECIFIED,,SEUS ZC312: TECHNICAL REPORT WRITING
doc,HB28 MBA (Hospital & Health Systems Management),HB28,1/2025,False,False,,1,SAT,FN,HHSM ZG648,HUMAN RESOURCE MANAGEMENT IN HEALTH CARE,CORE,,HHSM ZG648| HUMAN RESOURCE MANAGEMENT IN HEALTH CARE (CORE)
doc,HB28 MBA (Hospital & Health Systems Management),HB28,1/2025,False,False,,2,SAT,AN,HHSM ZG649,HOSPITAL OPERATION AND SUPPLY CHAIN MGMT,CORE,,HHSM ZG649| HOSPITAL OPERATION AND SUPPLY CHAIN MGMT (CORE)
doc,HB28 MBA (Hospital & Health Systems Management),HB28,1/2025,False,False,,3,SUN,FN,HHSM ZG651,HEALTHCARE MANAGERIAL ACCOUNTING,CORE,,HHSM ZG651| HEALTHCARE MANAGERIAL ACCOUNTING (CORE)
doc,HB28 MBA (Hospital & Health Systems Management),HB28,1/2025,False,False,,4,SUN,AN,HHSM ZG650,HEALTHCARE MARKETING,CORE,,HHSM ZG650 | HEALTHCARE MARKETING (CORE)
doc,HB28 MBA (Hospital & Health Systems Management),HB28,2/2024,False,False,128,1,SAT,FN,HHSM ZG631,INT TO HLTH SYS&ENV HLTH,CORE,,HHSM ZG631|INT TO HLTH SYS&ENV HLTH (CORE)
doc,HB28 MBA (Hospital & Health Systems Management),HB28,2/2024,False,False,128,2,SAT,AN,HHSM ZG517,HEALTH CARE MANAGEMENT,CORE,,HHSM ZG517|HEALTH CARE MANAGEMENT (CORE)
doc,HB28 MBA (Hospital & Health Systems Management),HB28,2/2024,False,False,128,3,SUN,FN,HHSM ZG615,SER QUAL EXC IN HEALTHCARE,CORE,,HHSM ZG615|SER QUAL EXC IN HEALTHCARE (CORE)
doc,HB28 MBA (Hospital & Health Systems Management),HB28,2/2024,False,False,128,4,SUN,AN,MBA ZG521,FINANCIAL MANAGEMENT,CORE,,MBA ZG521|FINANCIAL MANAGEMENT (CORE)
doc,HB28 MBA (Hospital & Health Systems Management),HB28,1/2024,False,False,127,1,SAT,FN,HHSM ZG617,STRATEGIC MGMT OF HEAL.CAR ORG,CORE,,HHSM ZG617|STRATEGIC MGMT OF HEAL.CAR ORG (CORE)
doc,HB28 MBA (Hospital & Health Systems Management),HB28,1/2024,False,False,127,2,SAT,AN,HHSM ZG513,BIOSTATISTICS & EPIDEMIOLOGY,CORE,,HHSM ZG513|BIOSTATISTICS & EPIDEMIOLOGY (CORE)
doc,HB28 MBA (Hospital & Health Systems Management),HB28,1/2024,False,False,127,3,SUN,FN,HHSM ZG516,EPIDEMIC & DISASTER MANAGEMENT,CORE,,HHSM ZG516|EPIDEMIC & DISASTER MANAGEMENT (CORE)
doc,HB28 MBA (Hospital & Health Systems Management),HB28,1/2024,False,False,127,4,SUN,AN,HHSM ZG614,HOSPITAL OPERATIONS MANAGEMENT,CORE,,HHSM ZG614|HOSPITAL OPERATIONS MANAGEMENT (CORE)
doc,HB28 MBA (Hospital & Health Systems Management),HB28,2/2023,False,False,151,1,SAT,FN,MBA ZG623T,PROJECT,ELECTIVE_OR_UNSPECIFIED,,MBA ZG623T|PROJECT
doc,HB28 MBA (Hospital & Health Systems Management),HB28,2/2023,False,False,151,2,SAT,AN,MBA ZG514,LEADERSHIP & MANAGING CHANGE,ELECTIVE_OR_UNSPECIFIED,,MBA ZG514|LEADERSHIP & MANAGING CHANGE
doc,HB28 MBA (Hospital & Health Systems Management),HB28,2/2023,False,False,151,3,SUN,FN,HHSM ZG629,AI in Healthcare,ELECTIVE_OR_UNSPECIFIED,,HHSM ZG629|AI in Healthcare
doc,HB28 MBA (Hospital & Health Systems Management),HB28,2/2023,False,False,151,4,SUN,AN,MBA ZG523,PROJECT MANAGEMENT,ELECTIVE_OR_UNSPECIFIED,,MBA ZG523|PROJECT MANAGEMENT
doc,HB28 MBA (Hospital & Health Systems Management),HB28,2/2023,False,False,151,7,SAT,FN,HHSM ZG627,Digital Transformation in Healthcare,ELECTIVE_OR_UNSPECIFIED,,HHSM ZG627|Digital Transformation in Healthcare
doc,HB28 MBA (Hospital & Health Systems Management),HB28,2/2023,False,False,151,8,SAT,AN,MBA ZG535,DECISION ANALYSIS,ELECTIVE_OR_UNSPECIFIED,,MBA ZG535|DECISION ANALYSIS
doc,HB28 MBA (Hospital & Health Systems Management),HB28,1/2025,False,True,,1,SAT,FN,MBA ZC417,QUANTITATIVE METHODS,CORE,,MBA ZC417|QUANTITATIVE METHODS (CORE)
doc,HB28 MBA (Hospital & Health Systems Management),HB28,1/2025,False,True,,2,SAT,AN,MBA ZC416,MANAGERIAL ECONOMICS,CORE,,MBA ZC416|MANAGERIAL ECONOMICS (CORE)
doc,HB28 MBA (Hospital & Health Systems Management),HB28,1/2025,False,True,,3,SUN,FN,MBA ZC415,FINANCIAL & MANAGEMENT ACCOUNTING,CORE,,MBA ZC415|FINANCIAL & MANAGEMENT ACCOUNTING (CORE)
doc,HB28 MBA (Hospital & Health Systems Management),HB28,1/2025,False,True,,4,SUN,AN,MBA ZC411,MARKETING,CORE,,MBA ZC411|MARKETING (CORE)
doc,HB58 MBA (Consultancy Management/Strategy and Consulting),HB58,1/2025,False,False,,1,SAT,FN,MBA ZG501,BUSINESS STATISTICS,CORE,,MBA ZG501| BUSINESS STATISTICS (CORE)
doc,HB58 MBA (Consultancy Management/Strategy and Consulting),HB58,1/2025,False,False,,2,SAT,AN,MBA ZG503,MARKETING MANAGEMENT,CORE,,MBA ZG503 | MARKETING MANAGEMENT (CORE)
doc,HB58 MBA (Consultancy Management/Strategy and Consulting),HB58,1/2025,False,False,,3,SUN,FN,MBA ZG502,MANAGERIAL ACCOUNTING,CORE,,MBA ZG502| MANAGERIAL ACCOUNTING (CORE)
doc,HB58 MBA (Consultancy Management/Strategy and Consulting),HB58,1/2025,False,False,,4,SUN,AN,MBA ZG511,MANAGING PEOPLE & ORGANIZATION,CORE,,MBA ZG511|MANAGING PEOPLE & ORGANIZATION (CORE)
doc,HB58 MBA (Consultancy Management/Strategy and Consulting),HB58,2/2024,False,False,41,2,SAT,AN,MBA ZC411,MARKETING,CORE,,MBA ZC411|MARKETING (CORE)
doc,HB58 MBA (Consultancy Management/Strategy and Consulting),HB58,2/2024,False,False,41,3,SUN,FN,MBA ZG541,CONSULTANCY PRACTICE,CORE,,MBAZG541|CONSULTANCY PRACTICE (CORE)
doc,HB58 MBA (Consultancy Management/Strategy and Consulting),HB58,2/2024,False,False,41,4,SUN,AN,MBA ZG521,FINANCIAL MANAGEMENT,CORE,,MBA ZG521|FINANCIAL MANAGEMENT (CORE)
doc,HB58 MBA (Consultancy Management/Strategy and Consulting),HB58,2/2024,False,False,41,8,SUN,EV,MBA ZG526,OPERATIONS MANAGEMENT,ELECTIVE_OR_UNSPECIFIED,,MBA ZG526|OPERATIONS MANAGEMENT
doc,HB58 MBA (Consultancy Management/Strategy and Consulting),HB58,1/2024,False,False,53,1,SAT,FN,MBA ZG515,CONSULTING & PEOPLE SKILLS,CORE,,MBA ZG515|CONSULTING & PEOPLE SKILLS (CORE)
doc,HB58 MBA (Consultancy Management/Strategy and Consulting),HB58,1/2024,False,False,53,2,SAT,AN,MBA ZG525,BUSINESS PROCESS ANALYSIS,CORE,,MBA ZG525|BUSINESS PROCESS ANALYSIS (CORE)
doc,HB58 MBA (Consultancy Management/Strategy and Consulting),HB58,1/2024,False,False,53,3,SUN,FN,MBA ZG634,STRATEGIC CHANGE MANAGEMENT,CORE,,MBA ZG634|STRATEGIC CHANGE MANAGEMENT (CORE)
doc,HB58 MBA (Consultancy Management/Strategy and Consulting),HB58,1/2024,False,False,53,4,SUN,AN,MBA ZG611,STRATEGIC MANAGEMENT & BUSINESS POLICY,CORE,,MBA ZG611|STRATEGIC MANAGEMENT & BUSINESS POLICY (CORE)
doc,HB58 MBA (Consultancy Management/Strategy and Consulting),HB58,2/2023,False,False,59,1,SAT,FN,MBA ZG544,"MERGERS, ACQ, & CORPORATE RESTRU",ELECTIVE_OR_UNSPECIFIED,,"MBA ZG544|MERGERS, ACQ, & CORPORATE RESTRU"
doc,HB58 MBA (Consultancy Management/Strategy and Consulting),HB58,2/2023,False,False,59,2,SAT,AN,MBA ZG514,LEADERSHIP & MANAGING CHANGE,ELECTIVE_OR_UNSPECIFIED,,MBA ZG514|LEADERSHIP & MANAGING CHANGE
doc,HB58 MBA (Consultancy Management/Strategy and Consulting),HB58,2/2023,False,False,59,3,SUN,FN,MBA ZG621,SUPPLY CHAIN MANAGEMENT,ELECTIVE_OR_UNSPECIFIED,,MBA ZG621|SUPPLY CHAIN MANAGEMENT
doc,HB58 MBA (Consultancy Management/Strategy and Consulting),HB58,2/2023,False,False,59,4,SUN,AN,MBA ZG523,PROJECT MANAGEMENT,ELECTIVE_OR_UNSPECIFIED,,MBA ZG523|PROJECT MANAGEMENT
doc,HB58 MBA (Consultancy Management/Strategy and Consulting),HB58,2/2023,False,False,59,6,FRI,AN,MBA ZG622T,PROJECT,ELECTIVE_OR_UNSPECIFIED,,MBA ZG622T|PROJECT (8 Unit)
doc,HB58 MBA (Consultancy Management/Strategy and Consulting),HB58,2/2023,False,False,59,7,SAT,EV,MBA ZG542,Entrepreneurship and New Ventures,ELECTIVE_OR_UNSPECIFIED,,MBA ZG542 | Entrepreneurship and New Ventures
doc,HB58 MBA (Consultancy Management/Strategy and Consulting),HB58,2/2023,False,False,59,8,SUN,EV,MBA ZG535,DECISION ANALYSIS,ELECTIVE_OR_UNSPECIFIED,,MBA ZG535|DECISION ANALYSIS
doc,HB58 MBA (Consultancy Management/Strategy and Consulting),HB58,1/2025,False,True,,1,SAT,FN,MBA ZC417,QUANTITATIVE METHODS,CORE,,MBAZC417|QUANTITATIVE METHODS (CORE)
doc,HB58 MBA (Consultancy Management/Strategy and Consulting),HB58,1/2025,False,True,,2,SAT,AN,MBA ZC416,MANAGERIAL ECONOMICS,CORE,,MBAZC416|MANAGERIAL ECONOMICS (CORE)
doc,HB58 MBA (Consultancy Management/Strategy and Consulting),HB58,1/2025,False,True,,3,SUN,FN,MBA ZC415,FINANCIAL & MANAGEMENT ACCOUNTING,CORE,,MBA ZC415|FINANCIAL & MANAGEMENT ACCOUNTING (CORE)
doc,HB59 MBA (Finance),HB59,1/2025,False,False,,1,SAT,FN,MBA ZG501,BUSINESS STATISTICS,CORE,,MBA ZG501| BUSINESS STATISTICS (CORE)
doc,HB59 MBA (Finance),HB59,1/2025,False,False,,2,SAT,AN,MBA ZG503,MARKETING MANAGEMENT,CORE,,MBA ZG503 | MARKETING MANAGEMENT (CORE)
doc,HB59 MBA (Finance),HB59,1/2025,False,False,,3,SUN,FN,MBA ZG502,MANAGERIAL ACCOUNTING,CORE,,MBA ZG502| MANAGERIAL ACCOUNTING (CORE)
doc,HB59 MBA (Finance),HB59,1/2025,False,False,,4,SUN,AN,MBA ZG511,MANAGING PEOPLE & ORGANIZATION,CORE,,MBA ZG511|MANAGING PEOPLE & ORGANIZATION (CORE)
doc,HB59 MBA (Finance),HB59,2/2024,False,False,133,2,SAT,AN,MBA ZC411,MARKETING,CORE,,MBA ZC411|MARKETING (CORE)
doc,HB59 MBA (Finance),HB59,2/2024,False,False,133,4,SUN,AN,MBA ZG521,FINANCIAL MANAGEMENT,CORE,,MBA ZG521|FINANCIAL MANAGEMENT (CORE)
doc,HB59 MBA (Finance),HB59,2/2024,False,False,133,7,SAT,EV,MBA ZG560,GLOBAL FINANCE MARKETS & PRODUCTS,ELECTIVE_OR_UNSPECIFIED,,MBA ZG560|GLOBAL FINANCE MARKETS & PRODUCTS
doc,HB59 MBA (Finance),HB59,2/2024,False,False,133,8,SAT,EV,MBA ZG526,OPERATIONS MANAGEMENT,CORE,,MBA ZG526|OPERATIONS MANAGEMENT (CORE)
doc,HB59 MBA (Finance),HB59,1/2024,False,False,72,1,SAT,FN,MBA ZG520,SECURITY ANALYSIS & PORTFOLIO MANAGEMENT,CORE,,MBA ZG520|SECURITY ANALYSIS & PORTFOLIO MANAGEMENT (CORE)
doc,HB59 MBA (Finance),HB59,1/2024,False,False,72,2,SAT,AN,MBA ZG518,MULTINATIONAL FINANCE,CORE,,MBAZG518|MULTINATIONAL FINANCE (CORE)
doc,HB59 MBA (Finance),HB59,1/2024,False,False,72,3,SUN,FN,MBA ZG517,FINANCIAL ANALYTICS,CORE,,MBA ZG517|FINANCIAL ANALYTICS (CORE)
doc,HB59 MBA (Finance),HB59,1/2024,False,False,72,4,SUN,AN,MBA ZG611,STRATEGIC MANAGEMENT & BUSINESS POLICY,CORE,,MBA ZG611| STRATEGIC MANAGEMENT & BUSINESS POLICY (CORE)
doc,HB59 MBA (Finance),HB59,2/2023,False,False,106,1,SAT,FN,MBA ZG544,"MERGERS, ACQ, & CORPORATE RESTRU",ELECTIVE_OR_UNSPECIFIED,,"MBA ZG544| MERGERS, ACQ, & CORPORATE RESTRU"
doc,HB59 MBA (Finance),HB59,2/2023,False,False,106,2,SAT,AN,MBA ZG622T,PROJECT,ELECTIVE_OR_UNSPECIFIED,,MBA ZG622T|PROJECT
doc,HB59 MBA (Finance),HB59,2/2023,False,False,106,3,SUN,FN,MBA ZG516,INTRODUCTION TO FINTECH,ELECTIVE_OR_UNSPECIFIED,,MBA ZG516|INTRODUCTION TO FINTECH
doc,HB59 MBA (Finance),HB59,2/2023,False,False,106,3,SUN,FN,MBA ZG657,Advanced Financial Statements Analysis,ELECTIVE_OR_UNSPECIFIED,,MBA ZG657| Advanced Financial Statements Analysis
doc,HB59 MBA (Finance),HB59,2/2023,False,False,106,4,SUN,AN,MBA ZG519,BUSINESS ANALYSIS & VALUATION,ELECTIVE_OR_UNSPECIFIED,,MBA ZG519|BUSINESS ANALYSIS & VALUATION
doc,HB59 MBA (Finance),HB59,2/2023,False,False,106,7,SAT,EV,MBA ZG558,Financial Risk Management,ELECTIVE_OR_UNSPECIFIED,,MBA ZG558 | Financial Risk Management
doc,HB59 MBA (Finance),HB59,2/2023,False,False,106,8,SAT,EV,MBA ZG559,MANAGEMENT OF BANKS & FINANCIAL INSTITUTIONS,ELECTIVE_OR_UNSPECIFIED,,MBAZG559|MANAGEMENT OF BANKS & FINANCIAL INSTITUTIONS
doc,HB59 MBA (Finance),HB59,2/2023,False,False,106,8,SAT,EV,MBA ZG562,DERIVATIVES & FIN ENGINEERING,ELECTIVE_OR_UNSPECIFIED,,MBA ZG562| DERIVATIVES & FIN ENGINEERING
doc,HB59 MBA (Finance),HB59,1/2025,False,True,,1,SAT,FN,MBA ZC417,QUANTITATIVE METHODS,CORE,,MBAZC417|QUANTITATIVE METHODS (CORE)
doc,HB59 MBA (Finance),HB59,1/2025,False,True,,2,SAT,AN,MBA ZC416,MANAGERIAL ECONOMICS,CORE,,MBAZC416|MANAGERIAL ECONOMICS (CORE)
doc,HB59 MBA (Finance),HB59,1/2025,False,True,,3,SUN,FN,MBA ZC415,FINANCIAL & MANAGEMENT ACCOUNTING,CORE,,MBA ZC415|FINANCIAL & MANAGEMENT ACCOUNTING (CORE)
doc,HB74 MBA (Quality Management),HB74,1/2025,False,False,,1,SAT,FN,MBA ZG501,BUSINESS STATISTICS,CORE,,MBA ZG501| BUSINESS STATISTICS (CORE)
doc,HB74 MBA (Quality Management),HB74,1/2025,False,False,,2,SAT,AN,MBA ZG503,MARKETING MANAGEMENT,CORE,,MBA ZG503 | MARKETING MANAGEMENT (CORE)
doc,HB74 MBA (Quality Management),HB74,1/2025,False,False,,3,SUN,FN,MBA ZG502,MANAGERIAL ACCOUNTING,CORE,,MBA ZG502| MANAGERIAL ACCOUNTING (CORE)
doc,HB74 MBA (Quality Management),HB74,1/2025,False,False,,4,SUN,AN,MBA ZG511,MANAGING PEOPLE & ORGANIZATION,CORE,,MBA ZG511|MANAGING PEOPLE & ORGANIZATION (CORE)
doc,HB74 MBA (Quality Management),HB74,2/2024,False,False,35,1,SAT,FN,MBA ZG522,TOTAL QUALITY MANAGEMENT,CORE,,MBA ZG522|TOTAL QUALITY MANAGEMENT (CORE)
doc,HB74 MBA (Quality Management),HB74,2/2024,False,False,35,2,SAT,AN,MBA ZC411,MARKETING,CORE,,MBA ZC411|MARKETING (CORE)
doc,HB74 MBA (Quality Management),HB74,2/2024,False,False,35,4,SUN,AN,MBA ZG521,FINANCIAL MANAGEMENT,CORE,,MBA ZG521|FINANCIAL MANAGEMENT (CORE)
doc,HB74 MBA (Quality Management),HB74,2/2024,False,False,35,8,SUN,EV,MBA ZG526,OPERATIONS MANAGEMENT,CORE,,MBA ZG526|OPERATIONS MANAGEMENT (core)
doc,HB74 MBA (Quality Management),HB74,1/2024,False,False,33,1,SAT,FN,MBA ZG549,MANAGING QUAL IN SER INDUSTRY,CORE,,MBA ZG549|MANAGING QUAL IN SER INDUSTRY (CORE)
doc,HB74 MBA (Quality Management),HB74,1/2024,False,False,33,2,SAT,AN,MBA ZG531,STATISTICAL QUALITY CONTROL,CORE,,MBA ZG531|STATISTICAL QUALITY CONTROL (CORE)
doc,HB74 MBA (Quality Management),HB74,1/2024,False,False,33,3,SUN,FN,MBA ZG550,QUALITY MANAGEMENT SYSTEMS,CORE,,MBA ZG550|QUALITY MANAGEMENT SYSTEMS (CORE)
doc,HB74 MBA (Quality Management),HB74,1/2024,False,False,33,4,SUN,AN,MBA ZG611,STRATEGIC MANAGEMENT & BUSINESS POLICY,CORE,,MBA ZG611| STRATEGIC MANAGEMENT & BUSINESS POLICY (CORE)
doc,HB74 MBA (Quality Management),HB74,2/2023,False,False,37,1,SAT,FN,MBA ZG622T,PROJECT,ELECTIVE_OR_UNSPECIFIED,,MBA ZG622T|PROJECT (8 Unit) 503912|
doc,HB74 MBA (Quality Management),HB74,2/2023,False,False,37,1,SAT,FN,MBA ZG623T,PROJECT,ELECTIVE_OR_UNSPECIFIED,,MBA ZG623T|PROJECT
doc,HB74 MBA (Quality Management),HB74,2/2023,False,False,37,2,SAT,AN,MBA ZG514,LEADERSHIP & MANAGING CHANGE,ELECTIVE_OR_UNSPECIFIED,,MBA ZG514|LEADERSHIP & MANAGING CHANGE
doc,HB74 MBA (Quality Management),HB74,2/2023,False,False,37,3,SUN,FN,MBA ZG621,SUPPLY CHAIN MANAGEMENT,ELECTIVE_OR_UNSPECIFIED,,MBA ZG621|SUPPLY CHAIN MANAGEMENT
doc,HB74 MBA (Quality Management),HB74,2/2023,False,False,37,4,SUN,AN,MBA ZG523,PROJECT MANAGEMENT,ELECTIVE_OR_UNSPECIFIED,,MBA ZG523|PROJECT MANAGEMENT
doc,HB74 MBA (Quality Management),HB74,2/2023,False,False,37,7,SAT,EV,MBA ZG661,SOFTWARE QUALITY MANAGEMENT,ELECTIVE_OR_UNSPECIFIED,,MBA ZG661|SOFTWARE QUALITY MANAGEMENT
doc,HB74 MBA (Quality Management),HB74,2/2023,False,False,37,8,SUN,EV,MBA ZG642,Artificial Intelligence Management Systems,ELECTIVE_OR_UNSPECIFIED,,MBA ZG642|Artificial Intelligence Management Systems
doc,HB74 MBA (Quality Management),HB74,1/2025,False,True,,1,SAT,FN,MBA ZC417,QUANTITATIVE METHODS,CORE,,MBA ZC417|QUANTITATIVE METHODS (CORE)
doc,HB74 MBA (Quality Management),HB74,1/2025,False,True,,2,SAT,AN,MBA ZC416,MANAGERIAL ECONOMICS,CORE,,MBA ZC416|MANAGERIAL ECONOMICS (CORE)
doc,HB74 MBA (Quality Management),HB74,1/2025,False,True,,3,SUN,FN,MBA ZC415,FINANCIAL & MANAGEMENT ACCOUNTING,CORE,,MBA ZC415|FINANCIAL & MANAGEMENT ACCOUNTING (CORE)
doc,HB79 MBA (Manufacturing Management),HB79,1/2025,False,False,,1,SAT,FN,MBA ZG501,BUSINESS STATISTICS,CORE,,MBA ZG501| BUSINESS STATISTICS (CORE)
doc,HB79 MBA (Manufacturing Management),HB79,1/2025,False,False,,2,SAT,AN,MBA ZG503,MARKETING MANAGEMENT,CORE,,MBA ZG503 | MARKETING MANAGEMENT (CORE)
doc,HB79 MBA (Manufacturing Management),HB79,1/2025,False,False,,3,SUN,FN,MBA ZG502,MANAGERIAL ACCOUNTING,CORE,,MBA ZG502| MANAGERIAL ACCOUNTING (CORE)
doc,HB79 MBA (Manufacturing Management),HB79,1/2025,False,False,,4,SUN,AN,MBA ZG511,MANAGING PEOPLE & ORGANIZATION,CORE,,MBA ZG511|MANAGING PEOPLE & ORGANIZATION (CORE)
doc,HB79 MBA (Manufacturing Management),HB79,2/2024,False,False,110,1,SAT,FN,MBA ZG545,PRODUCT DESIGN & DEVELOPMENT,CORE,,MBA ZG545|PRODUCT DESIGN & DEVELOPMENT (CORE)
doc,HB79 MBA (Manufacturing Management),HB79,2/2024,False,False,110,2,SAT,AN,MBA ZC411,MARKETING,CORE,,MBA ZC411|MARKETING (CORE)
doc,HB79 MBA (Manufacturing Management),HB79,2/2024,False,False,110,4,SUN,AN,MBA ZG521,FINANCIAL MANAGEMENT,CORE,,MBA ZG521|FINANCIAL MANAGEMENT (CORE)
doc,HB79 MBA (Manufacturing Management),HB79,2/2024,False,False,110,8,SUN,EV,MBA ZG526,OPERATIONS MANAGEMENT,CORE,,MBA ZG526|OPERATIONS MANAGEMENT (core)
doc,HB79 MBA (Manufacturing Management),HB79,1/2024,False,False,79,1,SAT,FN,MBA ZG522,TOTAL QUALITY MANAGEMENT,CORE,,MBA ZG522|TOTAL QUALITY MANAGEMENT (CORE)
doc,HB79 MBA (Manufacturing Management),HB79,1/2024,False,False,79,2,SAT,AN,MBA ZG537,LEAN MANUFACTURING,CORE,,MBA ZG537|LEAN MANUFACTURING (CORE)
doc,HB79 MBA (Manufacturing Management),HB79,1/2024,False,False,79,3,SUN,FN,MBA ZG621,SUPPLY CHAIN MANAGEMENT,CORE,,MBA ZG621|SUPPLY CHAIN MANAGEMENT (CORE)
doc,HB79 MBA (Manufacturing Management),HB79,1/2024,False,False,79,4,SUN,AN,MBA ZG611,STRATEGIC MANAGEMENT & BUSINESS POLICY,CORE,,MBA ZG611| STRATEGIC MANAGEMENT & BUSINESS POLICY (CORE)
doc,HB79 MBA (Manufacturing Management),HB79,2/2023,False,False,93,1,SAT,FN,MBA ZG534,SUSTAINABLE MANUFACTURING,ELECTIVE_OR_UNSPECIFIED,,MBA ZG534|SUSTAINABLE MANUFACTURING
doc,HB79 MBA (Manufacturing Management),HB79,2/2023,False,False,93,2,SAT,AN,MBA ZG514,LEADERSHIP & MANAGING CHANGE,ELECTIVE_OR_UNSPECIFIED,,MBA ZG514|LEADERSHIP & MANAGING CHANGE
doc,HB79 MBA (Manufacturing Management),HB79,2/2023,False,False,93,3,SUN,FN,MBA ZG565,SUPPLY CHAIN ANALYTICS,ELECTIVE_OR_UNSPECIFIED,,MBA ZG565|SUPPLY CHAIN ANALYTICS
doc,HB79 MBA (Manufacturing Management),HB79,2/2023,False,False,93,4,SUN,AN,MBA ZG523,PROJECT MANAGEMENT,ELECTIVE_OR_UNSPECIFIED,,MBA ZG523|PROJECT MANAGEMENT
doc,HB79 MBA (Manufacturing Management),HB79,2/2023,False,False,93,6,FRI,AN,MBA ZG622T,PROJECT,ELECTIVE_OR_UNSPECIFIED,,MBA ZG622T|PROJECT (8 Unit) 503912|
doc,HB79 MBA (Manufacturing Management),HB79,2/2023,False,False,93,6,FRI,AN,MBA ZG623T,PROJECT,ELECTIVE_OR_UNSPECIFIED,,MBA ZG623T|PROJECT (12 Unit) Old Batch
doc,HB79 MBA (Manufacturing Management),HB79,2/2023,False,False,93,8,SUN,EV,MBA ZG548,MANUFACTURING STRATEGY,ELECTIVE_OR_UNSPECIFIED,,MBA ZG548|MANUFACTURING STRATEGY
doc,HB79 MBA (Manufacturing Management),HB79,1/2025,False,True,,1,SAT,FN,MBA ZC417,QUANTITATIVE METHODS,CORE,,MBA ZC417|QUANTITATIVE METHODS (CORE)
doc,HB79 MBA (Manufacturing Management),HB79,1/2025,False,True,,2,SAT,AN,MBA ZC416,MANAGERIAL ECONOMICS,CORE,,MBA ZC416|MANAGERIAL ECONOMICS (CORE)
doc,HB79 MBA (Manufacturing Management),HB79,1/2025,False,True,,3,SUN,FN,MBA ZC415,FINANCIAL & MANAGEMENT ACCOUNTING,CORE,,MBA ZC415|FINANCIAL & MANAGEMENT ACCOUNTING (CORE)
doc,MB21/HB21 MBA (Business Analytics),MB21/HB21,1/2025,False,False,,1,SAT,FN,MBA ZG501,BUSINESS STATISTICS,CORE,,MBA ZG501| BUSINESS STATISTICS (CORE)
doc,MB21/HB21 MBA (Business Analytics),MB21/HB21,1/2025,False,False,,2,SAT,AN,MBA ZG503,MARKETING MANAGEMENT,CORE,,MBA ZG503 | MARKETING MANAGEMENT (CORE)
doc,MB21/HB21 MBA (Business Analytics),MB21/HB21,1/2025,False,False,,3,SUN,FN,MBA ZG502,MANAGERIAL ACCOUNTING,CORE,,MBA ZG502| MANAGERIAL ACCOUNTING (CORE)
doc,MB21/HB21 MBA (Business Analytics),MB21/HB21,1/2025,False,False,,4,SUN,AN,MBA ZG511,MANAGING PEOPLE & ORGANIZATION,CORE,,MBA ZG511|MANAGING PEOPLE & ORGANIZATION (CORE)
doc,MB21/HB21 MBA (Business Analytics),MB21/HB21,2/2024,False,False,532,2,SAT,AN,MBA ZC411,MARKETING,CORE,,MBAZC411|MARKETING (CORE)
doc,MB21/HB21 MBA (Business Analytics),MB21/HB21,2/2024,False,False,532,3,SUN,FN,MBA ZG536,FOUNDATIONS OF DATA SCIENCE,CORE,,MBAZG536|FOUNDATIONS OF DATA SCIENCE (CORE)
doc,MB21/HB21 MBA (Business Analytics),MB21/HB21,2/2024,False,False,532,4,SUN,AN,MBA ZG611,STRATEGIC MANAGEMENT & BUSINESS POLICY,CORE,,MBA ZG611| STRATEGIC MANAGEMENT & BUSINESS POLICY (CORE)
doc,MB21/HB21 MBA (Business Analytics),MB21/HB21,2/2024,False,False,532,7,SAT,EV,MBA ZG538,ADVANCED STATISTICAL METHODS,CORE,,MBA ZG538|ADVANCED STATISTICAL METHODS (CORE)
doc,MB21/HB21 MBA (Business Analytics),MB21/HB21,1/2024,False,False,428,1,SAT,FN,MBA ZG512,PREDICTIVE ANALYTICS,CORE,,MBAZG512|PREDICTIVE ANALYTICS (CORE)
doc,MB21/HB21 MBA (Business Analytics),MB21/HB21,1/2024,False,False,428,2,SAT,AN,MBA ZC413,ANALYTICS FOR COMPETITIVE ADVANTAGE,CORE,,MBAZC413|ANALYTICS FOR COMPETITIVE ADVANTAGE (CORE)
doc,MB21/HB21 MBA (Business Analytics),MB21/HB21,1/2024,False,False,428,4,SUN,AN,MBA ZG521,FINANCIAL MANAGEMENT,CORE,,MBAZG521|FINANCIAL MANAGEMENT (CORE)
doc,MB21/HB21 MBA (Business Analytics),MB21/HB21,1/2024,False,False,428,8,SUN,EV,MBA ZG526,OPERATIONS MANAGEMENT,CORE,,MBA ZG526|OPERATIONS MANAGEMENT (core)
doc,MB21/HB21 MBA (Business Analytics),MB21/HB21,2/2023,False,False,520,1,SAT,FN,MBA ZG601,Applied Deep Learning and Natural Language Processing,ELECTIVE_OR_UNSPECIFIED,,MBA ZG601| Applied Deep Learning and Natural Language Processing
doc,MB21/HB21 MBA (Business Analytics),MB21/HB21,2/2023,False,False,520,2,SAT,AN,MBA ZG622T,PROJECT,ELECTIVE_OR_UNSPECIFIED,,MBA ZG622T|PROJECT
doc,MB21/HB21 MBA (Business Analytics),MB21/HB21,2/2023,False,False,520,3,SUN,FN,MBA ZG517,FINANCIAL ANALYTICS,ELECTIVE_OR_UNSPECIFIED,,MBAZG517|FINANCIAL ANALYTICS
doc,MB21/HB21 MBA (Business Analytics),MB21/HB21,2/2023,False,False,520,3,SUN,FN,MBA ZG565,SUPPLY CHAIN ANALYTICS,ELECTIVE_OR_UNSPECIFIED,,MBAZG565|SUPPLY CHAIN ANALYTICS
doc,MB21/HB21 MBA (Business Analytics),MB21/HB21,2/2023,False,False,520,3,SUN,FN,MBA ZG567,ANALYTICS FOR RETAIL INDUSTRY,ELECTIVE_OR_UNSPECIFIED,,MBAZG567|ANALYTICS FOR RETAIL INDUSTRY
doc,MB21/HB21 MBA (Business Analytics),MB21/HB21,2/2023,False,False,520,4,SUN,AN,MBA ZG523,PROJECT MANAGEMENT,ELECTIVE_OR_UNSPECIFIED,,MBAZG523|PROJECT MANAGEMENT
doc,MB21/HB21 MBA (Business Analytics),MB21/HB21,2/2023,False,False,520,4,SUN,AN,MBA ZG568,OPERATIONS RESEARCH MODELS,ELECTIVE_OR_UNSPECIFIED,,MBAZG568|OPERATIONS RESEARCH MODELS
doc,MB21/HB21 MBA (Business Analytics),MB21/HB21,2/2023,False,False,520,7,SAT,EV,MBA ZG563,ANALYTICS FOR HR,ELECTIVE_OR_UNSPECIFIED,,MBAZG563|ANALYTICS FOR HR
doc,MB21/HB21 MBA (Business Analytics),MB21/HB21,2/2023,False,False,520,7,SAT,EV,MBA ZG566,ANALYTICS FOR MARKETING,ELECTIVE_OR_UNSPECIFIED,,MBAZG566|ANALYTICS FOR MARKETING
doc,MB21/HB21 MBA (Business Analytics),MB21/HB21,2/2023,False,False,520,7,SAT,EV,MBA ZG570,FINANCIAL RISK MODELS,ELECTIVE_OR_UNSPECIFIED,,MBA ZG 570 | FINANCIAL RISK MODELS
doc,MB21/HB21 MBA (Business Analytics),MB21/HB21,2/2023,False,False,520,7,SAT,EV,MBA ZG507,Data Strategy and Governance,ELECTIVE_OR_UNSPECIFIED,,MBA ZG 507| Data Strategy and Governance
doc,MB21/HB21 MBA (Business Analytics),MB21/HB21,2/2023,False,False,520,8,SUN,EV,MBA ZG564,MODELS IN MARKETING,ELECTIVE_OR_UNSPECIFIED,,MBA ZG564|MODELS IN MARKETING
doc,MB21/HB21 MBA (Business Analytics),MB21/HB21,2/2023,False,False,520,8,SUN,EV,MBA ZG539,DATA VISUALIZATION & COMMUNICATION,ELECTIVE_OR_UNSPECIFIED,,MBA ZG539|DATA VISUALIZATION & COMMUNICATION
doc,MB21/HB21 MBA (Business Analytics),MB21/HB21,1/2025,False,True,,1,SAT,FN,MBA ZC417,QUANTITATIVE METHODS,BACKLOG,,MBA ZC417|QUANTITATIVE METHODS (BACKLOG)
doc,MB21/HB21 MBA (Business Analytics),MB21/HB21,1/2025,False,True,,2,SAT,AN,MBA ZC416,MANAGERIAL ECONOMICS,BACKLOG,,MBA ZC416|MANAGERIAL ECONOMICS (BACKLOG)
doc,MB21/HB21 MBA (Business Analytics),MB21/HB21,1/2025,False,True,,3,SUN,FN,MBA ZC415,FINANCIAL & MANAGEMENT ACCOUNTING,BACKLOG,,MBA ZC415|FINANCIAL & MANAGEMENT ACCOUNTING (BACKLOG)
doc,MB22 MBA (Digital Business/Digital Transformation),MB22,1/2025,False,False,,1,SAT,FN,MBA ZG501,BUSINESS STATISTICS,CORE,,MBA ZG501| BUSINESS STATISTICS (CORE)
doc,MB22 MBA (Digital Business/Digital Transformation),MB22,1/2025,False,False,,2,SAT,AN,MBA ZG503,MARKETING MANAGEMENT,CORE,,MBA ZG503 | MARKETING MANAGEMENT (CORE)
doc,MB22 MBA (Digital Business/Digital Transformation),MB22,1/2025,False,False,,3,SUN,FN,MBA ZG502,MANAGERIAL ACCOUNTING,CORE,,MBA ZG502| MANAGERIAL ACCOUNTING (CORE)
doc,MB22 MBA (Digital Business/Digital Transformation),MB22,1/2025,False,False,,4,SUN,AN,MBA ZG511,MANAGING PEOPLE & ORGANIZATION,CORE,,MBA ZG511|MANAGING PEOPLE & ORGANIZATION (CORE)
doc,MB22 MBA (Digital Business/Digital Transformation),MB22,2/2024,False,False,44,1,SAT,FN,MBA ZG572,DIGITAL BUSINESS DESIGN,CORE,,MBA ZG572 | DIGITAL BUSINESS DESIGN (CORE)
doc,MB22 MBA (Digital Business/Digital Transformation),MB22,2/2024,False,False,44,2,SAT,AN,MBA ZC411,MARKETING,CORE,,MBA ZC411 | MARKETING (CORE)
doc,MB22 MBA (Digital Business/Digital Transformation),MB22,2/2024,False,False,44,4,SUN,AN,MBA ZG611,STRATEGIC MANAGEMENT AND BUSINESS POLICY,CORE,,MBA ZG611 | STRATEGIC MANAGEMENT AND BUSINESS POLICY (CORE)
doc,MB22 MBA (Digital Business/Digital Transformation),MB22,2/2024,False,False,44,8,SUN,EV,MBA ZG526,OPERATIONS MANAGEMENT,CORE,,MBA ZG526|OPERATIONS MANAGEMENT (core)
doc,MB22 MBA (Digital Business/Digital Transformation),MB22,1/2024,False,False,37,1,SAT,FN,MBA ZG573,DIGITAL STRATEGIES FOR BUSINESS,CORE,,MBA ZG573 | DIGITAL STRATEGIES FOR BUSINESS (CORE)
doc,MB22 MBA (Digital Business/Digital Transformation),MB22,1/2024,False,False,37,2,SAT,AN,MBA ZG575,DIGITAL TECHNOLOGIES AND ANALYTICS,CORE,,MBA ZG575 | DIGITAL TECHNOLOGIES AND ANALYTICS (CORE)
doc,MB22 MBA (Digital Business/Digital Transformation),MB22,1/2024,False,False,37,3,SUN,FN,MBA ZG574,DIGITAL CUSTOMER EXPERIENCE MANAGEMENT,ELECTIVE_OR_UNSPECIFIED,,MBA ZG574 | DIGITAL CUSTOMER EXPERIENCE MANAGEMENT
doc,MB22 MBA (Digital Business/Digital Transformation),MB22,1/2024,False,False,37,4,SUN,AN,MBA ZG521,FINANCIAL MANAGEMENT,CORE,,MBA ZG521 | FINANCIAL MANAGEMENT (CORE)
doc,MB22 MBA (Digital Business/Digital Transformation),MB22,2/2023,False,False,68,1,SAT,FN,MBA ZG576,DIGITAL MARKETING,ELECTIVE_OR_UNSPECIFIED,SAT 8:20,MBA ZG576| DIGITAL MARKETING Sat 8.20
doc,MB22 MBA (Digital Business/Digital Transformation),MB22,2/2023,False,False,68,2,SAT,AN,MBA ZG553,BLOCK CHAIN AND APPLICATIONS,ELECTIVE_OR_UNSPECIFIED,SUN 10:30,MBA ZG553|BLOCK CHAIN AND APPLICATIONS Sun 10.30
doc,MB22 MBA (Digital Business/Digital Transformation),MB22,2/2023,False,False,68,3,SUN,FN,MBA ZG516,INTRODUCTION TO FINTECH,ELECTIVE_OR_UNSPECIFIED,,MBA ZG516|INTRODUCTION TO FINTECH
doc,MB22 MBA (Digital Business/Digital Transformation),MB22,2/2023,False,False,68,3,SUN,FN,MBA ZG517,FINANCIAL ANALYTICS,ELECTIVE_OR_UNSPECIFIED,,MBA ZG517|FINANCIAL ANALYTICS
doc,MB22 MBA (Digital Business/Digital Transformation),MB22,2/2023,False,False,68,3,SUN,FN,MBA ZG565,SUPPLY CHAIN ANALYTICS,ELECTIVE_OR_UNSPECIFIED,SAT 10:30,MBA ZG565|SUPPLY CHAIN ANALYTICS Sat 10.30
doc,MB22 MBA (Digital Business/Digital Transformation),MB22,2/2023,False,False,68,4,SUN,AN,MBA ZG622T,PROJECT,ELECTIVE_OR_UNSPECIFIED,,MBA ZG622T|PROJECT
doc,MB22 MBA (Digital Business/Digital Transformation),MB22,2/2023,False,False,68,7,SAT,EV,MBA ZG566,Analytics for Marketing,ELECTIVE_OR_UNSPECIFIED,,MBA ZG566|Analytics for Marketing
doc,MB22 MBA (Digital Business/Digital Transformation),MB22,2/2023,False,False,68,8,SUN,EV,MBA ZG577,Artificial Intelligence and Machine Learning,ELECTIVE_OR_UNSPECIFIED,,MBAZG577|Artificial Intelligence and Machine Learning
doc,MB22 MBA (Digital Business/Digital Transformation),MB22,1/2025,False,True,,1,SAT,FN,MBA ZC417,QUANTITATIVE METHODS,CORE,,MBAZC417|QUANTITATIVE METHODS (CORE)
doc,MB22 MBA (Digital Business/Digital Transformation),MB22,1/2025,False,True,,2,SAT,AN,MBA ZC416,MANAGERIAL ECONOMICS,CORE,,MBAZC416|MANAGERIAL ECONOMICS (CORE)
doc,MB22 MBA (Digital Business/Digital Transformation),MB22,1/2025,False,True,,3,SUN,FN,MBA ZC415,FINANCIAL & MANAGEMENT ACCOUNTING,CORE,,MBAZC415|FINANCIAL & MANAGEMENT ACCOUNTING (CORE)
doc,MB53 MBA (Fin Tech),MB53,1/2025,False,False,,1,SAT,FN,MBA ZG501,BUSINESS STATISTICS,CORE,,MBA ZG501| BUSINESS STATISTICS (CORE)
doc,MB53 MBA (Fin Tech),MB53,1/2025,False,False,,2,SAT,AN,MBA ZG503,MARKETING MANAGEMENT,CORE,,MBA ZG503 | MARKETING MANAGEMENT (CORE)
doc,MB53 MBA (Fin Tech),MB53,1/2025,False,False,,3,SUN,FN,MBA ZG502,MANAGERIAL ACCOUNTING,CORE,,MBA ZG502| MANAGERIAL ACCOUNTING (CORE)
doc,MB53 MBA (Fin Tech),MB53,1/2025,False,False,,4,SUN,AN,MBA ZG511,MANAGING PEOPLE & ORGANIZATION,CORE,,MBA ZG511|MANAGING PEOPLE & ORGANIZATION (CORE)
doc,MB53 MBA (Fin Tech),MB53,2/2024,False,False,68,2,SAT,AN,MBA ZC411,MARKETING,CORE,,MBAZC411|MARKETING (CORE)
doc,MB53 MBA (Fin Tech),MB53,2/2024,False,False,68,3,SUN,FN,MBA ZG516,INTRODUCTION TO FINTECH,CORE,,MBAZG516|INTRODUCTION TO FINTECH (CORE)
doc,MB53 MBA (Fin Tech),MB53,2/2024,False,False,68,4,SUN,AN,MBA ZG521,FINANCIAL MANAGEMENT,CORE,,MBAZG521|FINANCIAL MANAGEMENT (CORE)
doc,MB53 MBA (Fin Tech),MB53,2/2024,False,False,68,8,SUN,EV,MBA ZG526,OPERATIONS MANAGEMENT,CORE,,MBA ZG526|OPERATIONS MANAGEMENT (core)
doc,MB53 MBA (Fin Tech),MB53,1/2024,False,False,71,2,SAT,AN,MBA ZG553,BLOCK CHAIN AND APPLICATIONS,CORE,,MBA ZG553|BLOCK CHAIN AND APPLICATIONS (CORE)
doc,MB53 MBA (Fin Tech),MB53,1/2024,False,False,71,3,SUN,FN,MBA ZG517,FINANCIAL ANALYTICS,CORE,,MBAZG517|FINANCIAL ANALYTICS (CORE)
doc,MB53 MBA (Fin Tech),MB53,1/2024,False,False,71,4,SUN,AN,MBA ZG611,STRATEGIC MANAGEMENT & BUSINESS POLICY,CORE,,MBA ZG611| STRATEGIC MANAGEMENT & BUSINESS POLICY (CORE)
doc,MB53 MBA (Fin Tech),MB53,1/2024,False,False,71,7,SAT,EV,MBA ZG560,GLOBAL FINANCE MARKETS & PRODUCTS,CORE,,MBA ZG560|GLOBAL FINANCE MARKETS & PRODUCTS (core)
doc,MB53 MBA (Fin Tech),MB53,2/2023,False,False,73,1,SAT,FN,MBA ZG527,ENTREPRENEURSHIP IN FINTECH,ELECTIVE_OR_UNSPECIFIED,,MBA ZG527|ENTREPRENEURSHIP IN FINTECH
doc,MB53 MBA (Fin Tech),MB53,2/2023,False,False,73,2,SAT,AN,MBA ZG622T,PROJECT,ELECTIVE_OR_UNSPECIFIED,,MBA ZG622T|PROJECT
doc,MB53 MBA (Fin Tech),MB53,2/2023,False,False,73,3,SUN,FN,MBA ZG619,AI & ML IN FINANCIAL SERVICES,ELECTIVE_OR_UNSPECIFIED,,MBA ZG619| AI & ML IN FINANCIAL SERVICES
doc,MB53 MBA (Fin Tech),MB53,2/2023,False,False,73,4,SUN,AN,MBA ZG557,FINTECH IN WEALTH MANAGEMENT,ELECTIVE_OR_UNSPECIFIED,,MBA ZG557|FINTECH IN WEALTH MANAGEMENT
doc,MB53 MBA (Fin Tech),MB53,2/2023,False,False,73,7,SAT,EV,MBA ZC419,FINANCIAL RISK ANALYTICS,ELECTIVE_OR_UNSPECIFIED,,MBA ZC419|FINANCIAL RISK ANALYTICS
doc,MB53 MBA (Fin Tech),MB53,2/2023,False,False,73,7,SAT,EV,MBA ZG554,DIGITAL BANKING AND BEYOND,ELECTIVE_OR_UNSPECIFIED,,MBA ZG554|DIGITAL BANKING AND BEYOND
doc,MB53 MBA (Fin Tech),MB53,2/2023,False,False,73,7,SAT,EV,MBA ZG529,MACHINE LEARNING FOR FIN,ELECTIVE_OR_UNSPECIFIED,,MBA ZG529|MACHINE LEARNING FOR FIN
doc,MB53 MBA (Fin Tech),MB53,2/2023,False,False,73,8,SUN,EV,MBA ZG555,ALGORITHMIC AND HIGH FREQUENCY TRADING,ELECTIVE_OR_UNSPECIFIED,,MBA ZG555|ALGORITHMIC AND HIGH FREQUENCY TRADING
doc,MB53 MBA (Fin Tech),MB53,2/2023,False,False,73,8,SUN,EV,MBA ZG533,TECH DISRUPTIONS IN FINTECH,ELECTIVE_OR_UNSPECIFIED,,MBA ZG533|TECH DISRUPTIONS IN FINTECH
doc,MB53 MBA (Fin Tech),MB53,1/2025,False,True,,1,SAT,FN,MBA ZC417,QUANTITATIVE METHODS,CORE,,MBAZC417|QUANTITATIVE METHODS (CORE)
doc,MB53 MBA (Fin Tech),MB53,1/2025,False,True,,2,SAT,AN,MBA ZC416,MANAGERIAL ECONOMICS,CORE,,MBAZC416|MANAGERIAL ECONOMICS (CORE)
doc,MB53 MBA (Fin Tech),MB53,1/2025,False,True,,3,SUN,FN,MBA ZC415,FINANCIAL & MANAGEMENT ACCOUNTING,CORE,,MBAZC415|FINANCIAL & MANAGEMENT ACCOUNTING (CORE)
doc,MB26 MBA (AI FOR BUSINESS),MB26,1/2025,False,False,,1,SAT,FN,MBA ZG501,BUSINESS STATISTICS,CORE,,MBA ZG501| BUSINESS STATISTICS (CORE)
doc,MB26 MBA (AI FOR BUSINESS),MB26,1/2025,False,False,,2,SAT,AN,MBA ZG503,MARKETING MANAGEMENT,CORE,,MBA ZG503 | MARKETING MANAGEMENT (CORE)
doc,MB26 MBA (AI FOR BUSINESS),MB26,1/2025,False,False,,3,SUN,FN,MBA ZG502,MANAGERIAL ACCOUNTING,CORE,,MBA ZG502| MANAGERIAL ACCOUNTING (CORE)
doc,MB26 MBA (AI FOR BUSINESS),MB26,1/2025,False,False,,4,SUN,AN,MBA ZG511,MANAGING PEOPLE & ORGANIZATION,CORE,,MBA ZG511|MANAGING PEOPLE & ORGANIZATION (CORE)
doc,PD21 PG Diploma (Business Analytics),PD21,1/2025,False,False,,1,SAT,FN,PDBA ZC417,QUANTITATIVE METHODS,ELECTIVE_OR_UNSPECIFIED,,PDBA ZC417|QUANTITATIVE METHODS
doc,PD21 PG Diploma (Business Analytics),PD21,1/2025,False,False,,3,SUN,FN,PDBA ZG536,FOUNDATIONS OF DATA SCIENCE,ELECTIVE_OR_UNSPECIFIED,,PDBA ZG536|FOUNDATIONS OF DATA SCIENCE
doc,PD21 PG Diploma (Business Analytics),PD21,1/2025,False,False,,7,SAT,EV,PDBA ZG538,ADVANCED STATISTICAL METHODS,ELECTIVE_OR_UNSPECIFIED,,PDBA ZG538|ADVANCED STATISTICAL METHODS
doc,PD21 PG Diploma (Business Analytics),PD21,1/2025,False,False,,8,SUN,EV,PDBA ZG539,DATA VISUALIZATION & COMMUNICATION,ELECTIVE_OR_UNSPECIFIED,,PDBA ZG539|DATA VISUALIZATION & COMMUNICATION
doc,PD21 PG Diploma (Business Analytics),PD21,2/2024,False,False,65,1,SAT,FN,PDBA ZG512,PREDICTIVE ANALYTICS,ELECTIVE_OR_UNSPECIFIED,,PDBA ZG512|PREDICTIVE ANALYTICS
doc,PD21 PG Diploma (Business Analytics),PD21,2/2024,False,False,65,2,SAT,AN,PDBA ZC413,ANALYTICS FOR COMPETITIVE ADVANTAGE,ELECTIVE_OR_UNSPECIFIED,,PDBA ZC413| ANALYTICS FOR COMPETITIVE ADVANTAGE
doc,PD21 PG Diploma (Business Analytics),PD21,2/2024,False,False,65,3,SUN,FN,PDBA ZG517,FINANCIAL ANALYTICS,ELECTIVE_OR_UNSPECIFIED,,PDBA ZG517|FINANCIAL ANALYTICS
doc,PD21 PG Diploma (Business Analytics),PD21,2/2024,False,False,65,3,SUN,FN,PDBA ZG565,SUPPLY CHAIN ANALYTICS,ELECTIVE_OR_UNSPECIFIED,,PDBAZG565|SUPPLY CHAIN ANALYTICS
doc,PD21 PG Diploma (Business Analytics),PD21,2/2024,False,False,65,3,SUN,FN,PDBA ZG567,ANALYTICS FOR RETAIL INDUSTRY,ELECTIVE_OR_UNSPECIFIED,,PDBAZG567|ANALYTICS FOR RETAIL INDUSTRY
doc,PD21 PG Diploma (Business Analytics),PD21,2/2024,False,False,65,4,SUN,AN,PDBA ZG523,PROJECT MANAGEMENT,ELECTIVE_OR_UNSPECIFIED,,PDBA ZG523|PROJECT MANAGEMENT
doc,PD21 PG Diploma (Business Analytics),PD21,2/2024,False,False,65,4,SUN,AN,PDBA ZG568,OPERATIONS RESEARCH MODELS,ELECTIVE_OR_UNSPECIFIED,,PDBA ZG568|OPERATIONS RESEARCH MODELS
doc,PD21 PG Diploma (Business Analytics),PD21,2/2024,False,False,65,7,SAT,EV,PDBA ZG563,ANALYTICS FOR HR,ELECTIVE_OR_UNSPECIFIED,,PDBA ZG563|ANALYTICS FOR HR
doc,PD21 PG Diploma (Business Analytics),PD21,2/2024,False,False,65,7,SAT,EV,PDBA ZG566,Analytics for Marketing,ELECTIVE_OR_UNSPECIFIED,,PDBAZG566|Analytics for Marketing
doc,PD21 PG Diploma (Business Analytics),PD21,2/2024,False,False,65,7,SAT,EV,PDBA ZG570,FINANCIAL RISK MODELS,ELECTIVE_OR_UNSPECIFIED,,PDBA ZG570 | FINANCIAL RISK MODELS
doc,PD21 PG Diploma (Business Analytics),PD21,2/2024,False,False,65,8,SUN,EV,PDBA ZG564,MODELS IN MARKETING,ELECTIVE_OR_UNSPECIFIED,,PDBA ZG564|MODELS IN MARKETING
doc,PD53 PG Diploma (FinTech),PD53,1/2025,False,False,,1,SAT,FN,PDFT ZC417,QUANTITATIVE METHODS,ELECTIVE_OR_UNSPECIFIED,SAT 3:40,PDFTZC417|QUANTITATIVE METHODS Sat 3.40
doc,PD53 PG Diploma (FinTech),PD53,1/2025,False,False,,3,SUN,FN,PDFT ZG516,INTRODUCTION TO FINTECH,ELECTIVE_OR_UNSPECIFIED,SAT 10:20,PDFTZG516|INTRODUCTION TO FINTECH Sat 10.20
doc,PD53 PG Diploma (FinTech),PD53,1/2025,False,False,,4,SUN,AN,PDFT ZG521,FINANCIAL MANAGEMENT,ELECTIVE_OR_UNSPECIFIED,SUN 8:20,PDFTZG521|FINANCIAL MANAGEMENT Sun 8.20
doc,PD53 PG Diploma (FinTech),PD53,1/2025,False,False,,7,SAT,EV,PDFT ZG560,GLOBAL FINANCE MARKETS & PRODUCTS,ELECTIVE_OR_UNSPECIFIED,,PDFT ZG560|GLOBAL FINANCE MARKETS & PRODUCTS
doc,PD53 PG Diploma (FinTech),PD53,2/2024,False,False,7,1,SAT,FN,PDFT ZG527,ENTREPRENEURSHIP IN FINTECH,ELECTIVE_OR_UNSPECIFIED,,PDFTZG527|ENTREPRENEURSHIP IN FINTECH (2/2)
doc,PD53 PG Diploma (FinTech),PD53,2/2024,False,False,7,2,SAT,AN,PDFT ZG553,BLOCK CHAIN AND APPLICATIONS,ELECTIVE_OR_UNSPECIFIED,,PDFT ZG553|BLOCK CHAIN AND APPLICATIONS (3/3)
doc,PD53 PG Diploma (FinTech),PD53,2/2024,False,False,7,3,SUN,FN,PDFT ZG517,FINANCIAL ANALYTICS,ELECTIVE_OR_UNSPECIFIED,,PDFTZG517|FINANCIAL ANALYTICS (6/7)
doc,PD53 PG Diploma (FinTech),PD53,2/2024,False,False,7,4,SUN,AN,PDFT ZG557,FINTECH IN WEALTH MANAGEMENT,ELECTIVE_OR_UNSPECIFIED,,PDFTZG557|FINTECH IN WEALTH MANAGEMENT (2/2)
doc,PD53 PG Diploma (FinTech),PD53,2/2024,False,False,7,7,SAT,EV,PDFT ZC419,FINANCIAL RISK ANALYTICS,ELECTIVE_OR_UNSPECIFIED,,PDFTZC419|FINANCIAL RISK ANALYTICS (3/5)
doc,PD53 PG Diploma (FinTech),PD53,2/2024,False,False,7,7,SAT,EV,PDFT ZG554,Digital Banking and Beyond,ELECTIVE_OR_UNSPECIFIED,,PDFT ZG554 | Digital Banking and Beyond
doc,PD53 PG Diploma (FinTech),PD53,2/2024,False,False,7,7,SAT,EV,PDFT ZG529,MACHINE LEARNING FOR FIN,ELECTIVE_OR_UNSPECIFIED,,PDFT ZG529:MACHINE LEARNING FOR FIN
doc,PD53 PG Diploma (FinTech),PD53,2/2024,False,False,7,8,SUN,EV,PDFT ZG555,ALGORITHMIC AND HIGH FREQUENCY TRADING,ELECTIVE_OR_UNSPECIFIED,,PDFTZG555| ALGORITHMIC AND HIGH FREQUENCY TRADING
doc,PD53 PG Diploma (FinTech),PD53,2/2024,False,False,7,8,SUN,EV,PDFT ZG533,TECH DISRUPTIONS IN FINTECH,ELECTIVE_OR_UNSPECIFIED,,PDFT ZG533|TECH DISRUPTIONS IN FINTECH (2/2)
doc,PD59 PG Diploma (Finance),PD59,1/2025,False,False,,1,SAT,FN,PDFI ZG520,SECURITY ANALYSIS & PORTFOLIO MANAGEMENT,ELECTIVE_OR_UNSPECIFIED,SAT 8:20,PDFI ZG520|SECURITY ANALYSIS & PORTFOLIO MANAGEMENT Sat 8.20
doc,PD59 PG Diploma (Finance),PD59,1/2025,False,False,,3,SUN,FN,PDFI ZC415,FINANCIAL & MANAGEMENT ACCOUNTING,ELECTIVE_OR_UNSPECIFIED,SAT 10:30,PDFI ZC415|FINANCIAL & MANAGEMENT ACCOUNTING Sat 10.30
doc,PD59 PG Diploma (Finance),PD59,1/2025,False,False,,4,SUN,AN,PDFI ZG521,FINANCIAL MANAGEMENT,ELECTIVE_OR_UNSPECIFIED,SUN 8:20,PDFI ZG521|FINANCIAL MANAGEMENT Sunday 8.20
doc,PD59 PG Diploma (Finance),PD59,1/2025,False,False,,7,SAT,EV,PDFI ZG560,GLOBAL FINANCE MARKETS & PRODUCTS,ELECTIVE_OR_UNSPECIFIED,,PDFI ZG560|GLOBAL FINANCE MARKETS & PRODUCTS
doc,PD59 PG Diploma (Finance),PD59,2/2024,False,False,10,1,SAT,FN,PDFI ZG544,"MERGERS, ACQ, & CORPORATE RESTRU",ELECTIVE_OR_UNSPECIFIED,SUN 1:30,"PDFI ZG544| MERGERS, ACQ, & CORPORATE RESTRU Sunday 1.30"
doc,PD59 PG Diploma (Finance),PD59,2/2024,False,False,10,2,SAT,AN,PDFI ZG518,MULTINATIONAL FINANCE,ELECTIVE_OR_UNSPECIFIED,SUN 10:30,PDFI ZG518|MULTINATIONAL FINANCE Sunday 10.30
doc,PD59 PG Diploma (Finance),PD59,2/2024,False,False,10,3,SUN,FN,PDFI ZG516,INTRODUCTION TO FINTECH,ELECTIVE_OR_UNSPECIFIED,,PDFIZG516|INTRODUCTION TO FINTECH
doc,PD59 PG Diploma (Finance),PD59,2/2024,False,False,10,3,SUN,FN,PDFI ZG517,FINANCIAL ANALYTICS,ELECTIVE_OR_UNSPECIFIED,SAT 10:30,PDFI ZG517|FINANCIAL ANALYTICS Sat 10.30
doc,PD59 PG Diploma (Finance),PD59,2/2024,False,False,10,4,SUN,AN,PDFI ZG519,BUSINESS ANALYSIS & VALUATION,ELECTIVE_OR_UNSPECIFIED,SAT 5:50,PDFI ZG519|BUSINESS ANALYSIS & VALUATION Sat 5.50
doc,PD59 PG Diploma (Finance),PD59,2/2024,False,False,10,7,SAT,EV,PDFI ZG558,Financial Risk Management,ELECTIVE_OR_UNSPECIFIED,,PDFI ZG558 | Financial Risk Management
doc,PD59 PG Diploma (Finance),PD59,2/2024,False,False,10,8,SUN,EV,PDFI ZG559,Management of Banks & Financial Institutions,ELECTIVE_OR_UNSPECIFIED,,PDFIZG559|Management of Banks & Financial Institutions
doc,PD59 PG Diploma (Finance),PD59,2/2024,False,False,10,8,SUN,EV,PDFI ZG562,DERIVATIVES & FIN ENGINEERING,ELECTIVE_OR_UNSPECIFIED,,PDFIZG562|DERIVATIVES & FIN ENGINEERING
doc,20AI B.Tech. (Artificial Intelligence and Machine Learning),20AI,1/2025,False,False,,1,SAT,FN,AML ZC323,Introduction to Python Programming,ELECTIVE_OR_UNSPECIFIED,,AML ZC323 : Introduction to Python Programming
doc,20AI B.Tech. (Artificial Intelligence and Machine Learning),20AI,1/2025,False,False,,2,SAT,AN,AML ZC322,Discrete Mathematics and Graph Theory,ELECTIVE_OR_UNSPECIFIED,,AML ZC322 : Discrete Mathematics and Graph Theory
doc,20AI B.Tech. (Artificial Intelligence and Machine Learning),20AI,1/2025,False,False,,3,SUN,FN,AML ZC321,Essential Mathematics for Machine Learning,ELECTIVE_OR_UNSPECIFIED,,AML ZC321 : Essential Mathematics for Machine Learning
doc,20AI B.Tech. (Artificial Intelligence and Machine Learning),20AI,1/2025,False,False,,4,SUN,AN,AML ZC263,Digital Electronics and Microprocessors,ELECTIVE_OR_UNSPECIFIED,,AML ZC263 : Digital Electronics and Microprocessors
doc,20AI B.Tech. (Artificial Intelligence and Machine Learning),20AI,2/2024,False,False,42,1,SAT,FN,AML ZC414,FOUNDATION OF DATA STRU & ALGO,ELECTIVE_OR_UNSPECIFIED,,AML ZC414 : FOUNDATION OF DATA STRU & ALGO
doc,20AI B.Tech. (Artificial Intelligence and Machine Learning),20AI,2/2024,False,False,42,2,SAT,AN,AML ZC337,DATABASE SYS & APP,ELECTIVE_OR_UNSPECIFIED,,AML ZC337 : DATABASE SYS & APP
doc,20AI B.Tech. (Artificial Intelligence and Machine Learning),20AI,2/2024,False,False,42,3,SUN,FN,AML ZC353,COMPUTER ORG & ARCH,ELECTIVE_OR_UNSPECIFIED,,AML ZC353: COMPUTER ORG & ARCH
doc,20AI B.Tech. (Artificial Intelligence and Machine Learning),20AI,2/2024,False,False,42,4,SUN,AN,AML ZC213,PROB & STAT,ELECTIVE_OR_UNSPECIFIED,,AML ZC213 : PROB & STAT
doc,AE05 M.Tech. Artificial Intelligence & Machine Learning,AE05,1/2025,False,False,,1,SAT,FN,AIML ZC416,Mathematical Found for Machine Learning,ELECTIVE_OR_UNSPECIFIED,,AIMLZC416: Mathematical Found for Machine Learning
doc,AE05 M.Tech. Artificial Intelligence & Machine Learning,AE05,1/2025,False,False,,2,SAT,AN,AIML ZC418,INT TO STAT METHOD,ELECTIVE_OR_UNSPECIFIED,,AIMLZC418: INT TO STAT METHOD
doc,AE05 M.Tech. Artificial Intelligence & Machine Learning,AE05,1/2025,False,False,,3,SUN,FN,AIML ZG565,MACHINE LEARNING,ELECTIVE_OR_UNSPECIFIED,,AIMLZG565:MACHINE LEARNING
doc,AE05 M.Tech. Artificial Intelligence & Machine Learning,AE05,1/2025,False,False,,4,SUN,AN,AIML ZG557,ARTIFICIAL AND COMP INT,ELECTIVE_OR_UNSPECIFIED,,AIMLZG557: ARTIFICIAL AND COMP INT
doc,HT 31 M.Tech. Structural Engineering,HT31,1/2025,False,False,,1,SAT,FN,ST ZG617,Advanced Structural Analysis,ELECTIVE_OR_UNSPECIFIED,,ST ZG617 : Advanced Structural Analysis
doc,HT 31 M.Tech. Structural Engineering,HT31,1/2025,False,False,,2,SAT,AN,ST ZG552,Advanced Structural Mechanics and Stability,ELECTIVE_OR_UNSPECIFIED,,ST ZG552 : Advanced Structural Mechanics and Stability
doc,HT 31 M.Tech. Structural Engineering,HT31,1/2025,False,False,,3,SUN,FN,ST ZG551,Dynamics of Structures,ELECTIVE_OR_UNSPECIFIED,,ST ZG551 : Dynamics of Structures
doc,HT 31 M.Tech. Structural Engineering,HT31,1/2025,False,False,,4,SUN,AN,ST ZG615,Earthquake Engineering,ELECTIVE_OR_UNSPECIFIED,,ST ZG615 : Earthquake Engineering
doc,HT 32 M.Tech. Transportation Engineering,HT32,1/2025,False,False,,1,SAT,FN,TE ZC235,Highway Geometric Design,ELECTIVE_OR_UNSPECIFIED,,TE ZC235 : Highway Geometric Design
doc,HT 32 M.Tech. Transportation Engineering,HT32,1/2025,False,False,,2,SAT,AN,TE ZG518,Pavement Analysis and Design,ELECTIVE_OR_UNSPECIFIED,,TE ZG518 : Pavement Analysis and Design
doc,HT 32 M.Tech. Transportation Engineering,HT32,1/2025,False,False,,3,SUN,FN,TA ZG534,Pavement Material Characterization,ELECTIVE_OR_UNSPECIFIED,,TA ZG534: Pavement Material Characterization
doc,HT 32 M.Tech. Transportation Engineering,HT32,1/2025,False,False,,4,SUN,AN,TA ZG536,Traffic Engineering and Safety,ELECTIVE_OR_UNSPECIFIED,,TA ZG536: Traffic Engineering and Safety
